Workbook

Sheet Folha de Rosto 
C6: Folha de rosto para impressão com as informações do Aprendiz

Sheet Anamnese
C3: Informações Importantes da Anamnese -Entrevista com os Pais

Sheet CP
C4: Histórico do comportamento problema

Sheet INSTRUÇÕES
B2: Seja bem-vindo(a) à sua Folha de Registro Eletrônica 2025!
B4: Passo a Passo para o preenchimento:
B5: 1. Insira o título do Programa
B6: 2. Você pode inserir até 3 Sd (Estímulos Discriminativos) por programa
B7: 3. Podem ser registrados até 10 programas por dia para a criança
B8: 4. O tipo de Ajuda já consta nas opções da célula/campo de Ajuda. Basta selecionar. Não precisa digitar textos nesse campo.
B9: 5. Acertos: insira o número total de acertos que a criança obteve
B10: 6. Tentativas: insira o número total de tentativas realizadas pelo aplicador.
B11: Obs: DIV/0 não é erro. Representa apenas que não foram inseridos acertos e tentativas naquele dia. Não altera o gráfico final.
B12: Ao final do preenchimento, os gráficos de evolução da criança sairão automaticamente.
B14: Sucesso para você em sua jornada profissional!
B15: Sucesso às nossas crianças!

Sheet mês 1
B1: TODOS OS DIREITOS RESERVADOS À PLANILHA E CIA - Nº DE SÉRIE DO USUÁRIO: 0024001813| PROIBIDO O RATEIO, A COMERCIALIZAÇÃO E A REPRODUÇÃO DESSE MATERIAL PROIBIDO O USO DESSE MATERIAL POR MAIS DE UM USUÁRIO, SALVO SE A COMPRA TIVER OCORRIDO ATRAVÉS DO CNPJ DA CLÍNICA. MULTIPROFISSIONAL.
B3: REGISTRO DE PROGRAMAS - 2025
B5: Criança: | C5: PROGRAMA 1 | D5: Imitação | F5: PROGRAMA 2 | G5: Brincar Social | I5: PROGRAMA 3 | L5: PROGRAMA 4 | O5: PROGRAMA 5 | R5: PROGRAMA 6 | U5: PROGRAMA 7 | X5: PROGRAMA 8 | AA5: PROGRAMA 9 | AD5: PROGRAMA 10
B6: Lucas ABC
B7: Aplicador:
B8: Natasha XYZ
B22: * Preencha na tabela todos os dados coletados nos treinos com a criança. Não preencha a linha em roxo de %acertos, que possui fórmula.
B23: Data | C23: 45717 | D23: 45718 | E23: 45719 | F23: 45720 | G23: 45721 | H23: 45722 | I23: 45723 | J23: 45724 | K23: 45725 | L23: 45726 | M23: 45727 | N23: 45728 | O23: 45729 | P23: 45730 | Q23: 45731 | R23: 45732 | S23: 45733 | T23: 45734 | U23: 45735 | V23: 45736 | W23: 45737 | X23: 45738 | Y23: 45739 | Z23: 45740 | AA23: 45741 | AB23: 45742 | AC23: 45743 | AD23: 45744 | AE23: 45745 | AF23: 45746 | AG23: 45747 | AH23: % TOTAL ACERTOS
B24: PROGRAMA 1 | C24: GDFFB | D24: Imitação
B25: Estimulos Discriminativos (Sd) | C25: Carro | D25: Bola
C26: "(nome) faz igual" | D26: "(nome) faz igual"
B28: AJUDA | C28: Verbal | D28: Gestual | E28: Visual | F28: Física Parcial | G28: Faz Independente | H28: Gestual | I28: Gestual | J28: Gestual | K28: Gestual | L28: Gestual | M28: Gestual | N28: Gestual | O28: Gestual | P28: Gestual | Q28: Gestual | R28: Gestual | S28: Gestual | T28: Gestual | U28: Gestual | V28: Gestual | W28: Gestual | X28: Gestual | Y28: Gestual | Z28: Gestual | AA28: Gestual | AB28: Gestual | AC28: Gestual | AD28: Gestual | AE28: Gestual | AF28: Gestual | AG28: Gestual
B29: ACERTOS | C29: 20 | D29: 20 | E29: 8 | F29: 8 | G29: 8 | H29: 8 | I29: 8 | J29: 8 | K29: 8 | L29: 8 | M29: 8 | N29: 8 | O29: 8 | P29: 8 | Q29: 8 | R29: 8 | S29: 8 | T29: 8 | U29: 8 | V29: 8 | W29: 8 | X29: 8 | Y29: 8 | Z29: 8 | AA29: 8 | AB29: 8 | AC29: 8 | AD29: 8 | AE29: 8 | AF29: 8 | AG29: 8 | AH29: =SUM(C29:AG29) -> 272
B30: TENTATIVAS | C30: 30 | D30: 30 | E30: 10 | F30: 10 | G30: 10 | H30: 10 | I30: 10 | J30: 10 | K30: 10 | L30: 10 | M30: 10 | N30: 10 | O30: 10 | P30: 10 | Q30: 10 | R30: 10 | S30: 10 | T30: 10 | U30: 10 | V30: 10 | W30: 10 | X30: 10 | Y30: 10 | Z30: 10 | AA30: 10 | AB30: 10 | AC30: 10 | AD30: 10 | AE30: 10 | AF30: 10 | AG30: 10 | AH30: =SUM(C30:AG30) -> 350
B31: % ACERTOS | C31: =C29/C30 -> 0.66666667 | D31: =D29/D30 -> 0.66666667 | E31: =E29/E30 -> 0.8 | F31: =F29/F30 -> 0.8 | G31: =G29/G30 -> 0.8 | H31: =H29/H30 -> 0.8 | I31: =I29/I30 -> 0.8 | J31: =J29/J30 -> 0.8 | ... AH31: =AH29/AH30 -> 0.77714286
B33: PROGRAMA 2 | C33: Brincar Social | D33: Brincar Social | E33: Brincar Social | F33: Brincar Social | G33: Brincar Social | H33: Brincar Social | AH33: % TOTAL ACERTOS
B34: Estimulos Discriminativos (Sd) | C34: Bola | D34: Bola | E34: Bola | F34: Bola | G34: Bola | H34: Bola
C35: "(nome) joga para mim" | D35: "(nome) joga para mim" | E35: "(nome) joga para mim" | F35: "(nome) joga para mim" | G35: "(nome) joga para mim" | H35: "(nome) joga para mim"
B37: AJUDA | C37: Gestual | D37: Gestual | E37: Gestual | F37: Gestual | G37: Gestual | H37: Gestual | I37: Visual | J37: Gestual | K37: Gestual | L37: Gestual | M37: Gestual | N37: Gestual | O37: Gestual | P37: Física Total | Q37: Visual | R37: Não Faz | S37: Gestual | T37: Gestual | U37: Gestual | V37: Gestual | W37: Gestual | X37: Gestual | Y37: Gestual | Z37: Gestual | AA37: Gestual | AB37: Gestual | AC37: Gestual | AD37: Gestual | AE37: Gestual | AF37: Gestual | AG37: Gestual
B38: ACERTOS | C38: 20 | D38: 20 | E38: 20 | F38: 20 | G38: 20 | H38: 20 | I38: 20 | J38: 20 | K38: 20 | L38: 20 | M38: 20 | N38: 20 | O38: 20 | P38: 9 | Q38: 20 | R38: 20 | S38: 20 | T38: 20 | U38: 20 | V38: 20 | W38: 20 | X38: 20 | Y38: 20 | Z38: 20 | AA38: 20 | AB38: 20 | AC38: 20 | AD38: 20 | AE38: 20 | AF38: 20 | AG38: 20 | AH38: =SUM(C38:AG38) -> 609
B39: TENTATIVAS | C39: 30 | D39: 30 | E39: 30 | F39: 30 | G39: 30 | H39: 30 | I39: 30 | J39: 30 | K39: 30 | L39: 30 | M39: 30 | N39: 30 | O39: 30 | P39: 10 | Q39: 30 | R39: 30 | S39: 30 | T39: 30 | U39: 30 | V39: 30 | W39: 30 | X39: 30 | Y39: 30 | Z39: 30 | AA39: 30 | AB39: 30 | AC39: 30 | AD39: 30 | AE39: 30 | AF39: 30 | AG39: 30 | AH39: =SUM(C39:AG39) -> 910
B40: % ACERTOS | C40: =C38/C39 -> 0.66666667 | D40: =D38/D39 -> 0.66666667 | E40: =E38/E39 -> 0.66666667 | F40: =F38/F39 -> 0.66666667 | G40: =G38/G39 -> 0.66666667 | H40: =H38/H39 -> 0.66666667 | I40: =I38/I39 -> 0.66666667 | J40: =J38/J39 -> 0.66666667 | ... AH40: =AH38/AH39 -> 0.66923077
B42: PROGRAMA 3 | C42: Brincar Social | D42: Brincar Social | E42: Brincar Social | F42: Brincar Social | G42: Brincar Social | H42: Brincar Social | AH42: % TOTAL ACERTOS
B43: Estimulos Discriminativos (Sd) | C43: Bola | D43: Bola | E43: Bola | F43: Bola | G43: Bola | H43: Bola
C44: "(nome) joga para mim" | D44: "(nome) joga para mim" | E44: "(nome) joga para mim" | F44: "(nome) joga para mim" | G44: "(nome) joga para mim" | H44: "(nome) joga para mim"
B46: AJUDA | C46: Gestual | D46: Gestual | E46: Gestual | F46: Gestual | G46: Gestual | H46: Gestual | I46: Visual | J46: Gestual | K46: Gestual | L46: Gestual | M46: Gestual | N46: Gestual | O46: Gestual | P46: Física Total | Q46: Visual | R46: Não Faz | S46: Gestual | T46: Gestual | U46: Gestual | V46: Gestual | W46: Gestual | X46: Gestual | Y46: Gestual | Z46: Gestual | AA46: Gestual | AB46: Gestual | AC46: Gestual | AD46: Gestual | AE46: Gestual | AF46: Gestual | AG46: Gestual
B47: ACERTOS | C47: 20 | D47: 20 | E47: 20 | F47: 20 | G47: 20 | H47: 20 | I47: 20 | J47: 20 | K47: 20 | L47: 20 | M47: 20 | N47: 20 | O47: 20 | P47: 9 | Q47: 20 | R47: 20 | S47: 20 | T47: 20 | U47: 20 | V47: 20 | W47: 20 | X47: 20 | Y47: 20 | Z47: 20 | AA47: 20 | AB47: 20 | AC47: 20 | AD47: 20 | AE47: 20 | AF47: 20 | AG47: 20 | AH47: =SUM(C47:AG47) -> 609
B48: TENTATIVAS | C48: 30 | D48: 30 | E48: 30 | F48: 30 | G48: 30 | H48: 30 | I48: 30 | J48: 30 | K48: 30 | L48: 30 | M48: 30 | N48: 30 | O48: 30 | P48: 10 | Q48: 30 | R48: 30 | S48: 30 | T48: 30 | U48: 30 | V48: 30 | W48: 30 | X48: 30 | Y48: 30 | Z48: 30 | AA48: 30 | AB48: 30 | AC48: 30 | AD48: 30 | AE48: 30 | AF48: 30 | AG48: 30 | AH48: =SUM(C48:AG48) -> 910
B49: % ACERTOS | C49: =C47/C48 -> 0.66666667 | D49: =D47/D48 -> 0.66666667 | E49: =E47/E48 -> 0.66666667 | F49: =F47/F48 -> 0.66666667 | G49: =G47/G48 -> 0.66666667 | H49: =H47/H48 -> 0.66666667 | I49: =I47/I48 -> 0.66666667 | J49: =J47/J48 -> 0.66666667 | ... AH49: =AH47/AH48 -> 0.66923077
B51: PROGRAMA 4 | C51: Brincar Social | D51: Brincar Social | E51: Brincar Social | F51: Brincar Social | G51: Brincar Social | H51: Brincar Social | AH51: % TOTAL ACERTOS
B52: Estimulos Discriminativos (Sd) | C52: Bola | D52: Bola | E52: Bola | F52: Bola | G52: Bola | H52: Bola
C53: "(nome) joga para mim" | D53: "(nome) joga para mim" | E53: "(nome) joga para mim" | F53: "(nome) joga para mim" | G53: "(nome) joga para mim" | H53: "(nome) joga para mim"
B55: AJUDA | C55: Gestual | D55: Gestual | E55: Gestual | F55: Gestual | G55: Gestual | H55: Gestual | I55: Visual | J55: Gestual | K55: Gestual | L55: Gestual | M55: Gestual | N55: Gestual | O55: Gestual | P55: Física Total | Q55: Visual | R55: Não Faz | S55: Gestual | T55: Gestual | U55: Gestual | V55: Gestual | W55: Gestual | X55: Gestual | Y55: Gestual | Z55: Gestual | AA55: Gestual | AB55: Gestual | AC55: Gestual | AD55: Gestual | AE55: Gestual | AF55: Gestual | AG55: Gestual
B56: ACERTOS | C56: 20 | D56: 20 | E56: 20 | F56: 20 | G56: 20 | H56: 20 | I56: 20 | J56: 20 | K56: 20 | L56: 20 | M56: 20 | N56: 20 | O56: 20 | P56: 9 | Q56: 20 | R56: 20 | S56: 20 | T56: 20 | U56: 20 | V56: 20 | W56: 20 | X56: 20 | Y56: 20 | Z56: 20 | AA56: 20 | AB56: 20 | AC56: 20 | AD56: 20 | AE56: 20 | AF56: 20 | AG56: 20 | AH56: =SUM(C56:AG56) -> 609
B57: TENTATIVAS | C57: 30 | D57: 30 | E57: 30 | F57: 30 | G57: 30 | H57: 30 | I57: 30 | J57: 30 | K57: 30 | L57: 30 | M57: 30 | N57: 30 | O57: 30 | P57: 10 | Q57: 30 | R57: 30 | S57: 30 | T57: 30 | U57: 30 | V57: 30 | W57: 30 | X57: 30 | Y57: 30 | Z57: 30 | AA57: 30 | AB57: 30 | AC57: 30 | AD57: 30 | AE57: 30 | AF57: 30 | AG57: 30 | AH57: =SUM(C57:AG57) -> 910
B58: % ACERTOS | C58: =C56/C57 -> 0.66666667 | D58: =D56/D57 -> 0.66666667 | E58: =E56/E57 -> 0.66666667 | F58: =F56/F57 -> 0.66666667 | G58: =G56/G57 -> 0.66666667 | H58: =H56/H57 -> 0.66666667 | I58: =I56/I57 -> 0.66666667 | J58: =J56/J57 -> 0.66666667 | ... AH58: =AH56/AH57 -> 0.66923077
B60: PROGRAMA 5 | C60: Brincar Social | D60: Brincar Social | E60: Brincar Social | F60: Brincar Social | G60: Brincar Social | H60: Brincar Social | AH60: % TOTAL ACERTOS
B61: Estimulos Discriminativos (Sd) | C61: Bola | D61: Bola | E61: Bola | F61: Bola | G61: Bola | H61: Bola
C62: "(nome) joga para mim" | D62: "(nome) joga para mim" | E62: "(nome) joga para mim" | F62: "(nome) joga para mim" | G62: "(nome) joga para mim" | H62: "(nome) joga para mim"
B64: AJUDA | C64: Gestual | D64: Gestual | E64: Gestual | F64: Gestual | G64: Gestual | H64: Gestual | I64: Visual | J64: Gestual | K64: Gestual | L64: Gestual | M64: Gestual | N64: Gestual | O64: Gestual | P64: Física Total | Q64: Visual | R64: Não Faz | S64: Gestual | T64: Gestual | U64: Gestual | V64: Gestual | W64: Gestual | X64: Gestual | Y64: Gestual | Z64: Gestual | AA64: Gestual | AB64: Gestual | AC64: Gestual | AD64: Gestual | AE64: Gestual | AF64: Gestual | AG64: Gestual
B65: ACERTOS | C65: 20 | D65: 20 | E65: 20 | F65: 20 | G65: 20 | H65: 20 | I65: 20 | J65: 20 | K65: 20 | L65: 20 | M65: 20 | N65: 20 | O65: 20 | P65: 9 | Q65: 20 | R65: 20 | S65: 20 | T65: 20 | U65: 20 | V65: 20 | W65: 20 | X65: 20 | Y65: 20 | Z65: 20 | AA65: 20 | AB65: 20 | AC65: 20 | AD65: 20 | AE65: 20 | AF65: 20 | AG65: 20 | AH65: =SUM(C65:AG65) -> 609
B66: TENTATIVAS | C66: 30 | D66: 30 | E66: 30 | F66: 30 | G66: 30 | H66: 30 | I66: 30 | J66: 30 | K66: 30 | L66: 30 | M66: 30 | N66: 30 | O66: 30 | P66: 10 | Q66: 30 | R66: 30 | S66: 30 | T66: 30 | U66: 30 | V66: 30 | W66: 30 | X66: 30 | Y66: 30 | Z66: 30 | AA66: 30 | AB66: 30 | AC66: 30 | AD66: 30 | AE66: 30 | AF66: 30 | AG66: 30 | AH66: =SUM(C66:AG66) -> 910
B67: % ACERTOS | C67: =C65/C66 -> 0.66666667 | D67: =D65/D66 -> 0.66666667 | E67: =E65/E66 -> 0.66666667 | F67: =F65/F66 -> 0.66666667 | G67: =G65/G66 -> 0.66666667 | H67: =H65/H66 -> 0.66666667 | I67: =I65/I66 -> 0.66666667 | J67: =J65/J66 -> 0.66666667 | ... AH67: =AH65/AH66 -> 0.66923077
B69: PROGRAMA 6 | C69: Brincar Social | D69: Brincar Social | E69: Brincar Social | F69: Brincar Social | G69: Brincar Social | H69: Brincar Social | AH69: % TOTAL ACERTOS
B70: Estimulos Discriminativos (Sd) | C70: Bola | D70: Bola | E70: Bola | F70: Bola | G70: Bola | H70: Bola
C71: "(nome) joga para mim" | D71: "(nome) joga para mim" | E71: "(nome) joga para mim" | F71: "(nome) joga para mim" | G71: "(nome) joga para mim" | H71: "(nome) joga para mim"
B73: AJUDA | C73: Gestual | D73: Gestual | E73: Gestual | F73: Gestual | G73: Gestual | H73: Gestual | I73: Visual | J73: Gestual | K73: Gestual | L73: Gestual | M73: Gestual | N73: Gestual | O73: Gestual | P73: Física Total | Q73: Visual | R73: Não Faz | S73: Gestual | T73: Gestual | U73: Gestual | V73: Gestual | W73: Gestual | X73: Gestual | Y73: Gestual | Z73: Gestual | AA73: Gestual | AB73: Gestual | AC73: Gestual | AD73: Gestual | AE73: Gestual | AF73: Gestual | AG73: Gestual
B74: ACERTOS | C74: 20 | D74: 20 | E74: 20 | F74: 20 | G74: 20 | H74: 20 | I74: 20 | J74: 20 | K74: 20 | L74: 20 | M74: 20 | N74: 20 | O74: 20 | P74: 9 | Q74: 20 | R74: 20 | S74: 20 | T74: 20 | U74: 20 | V74: 20 | W74: 20 | X74: 20 | Y74: 20 | Z74: 20 | AA74: 20 | AB74: 20 | AC74: 20 | AD74: 20 | AE74: 20 | AF74: 20 | AG74: 20 | AH74: =SUM(C74:AG74) -> 609
B75: TENTATIVAS | C75: 30 | D75: 30 | E75: 30 | F75: 30 | G75: 30 | H75: 30 | I75: 30 | J75: 30 | K75: 30 | L75: 30 | M75: 30 | N75: 30 | O75: 30 | P75: 10 | Q75: 30 | R75: 30 | S75: 30 | T75: 30 | U75: 30 | V75: 30 | W75: 30 | X75: 30 | Y75: 30 | Z75: 30 | AA75: 30 | AB75: 30 | AC75: 30 | AD75: 30 | AE75: 30 | AF75: 30 | AG75: 30 | AH75: =SUM(C75:AG75) -> 910
B76: % ACERTOS | C76: =C74/C75 -> 0.66666667 | D76: =D74/D75 -> 0.66666667 | E76: =E74/E75 -> 0.66666667 | F76: =F74/F75 -> 0.66666667 | G76: =G74/G75 -> 0.66666667 | H76: =H74/H75 -> 0.66666667 | I76: =I74/I75 -> 0.66666667 | J76: =J74/J75 -> 0.66666667 | ... AH76: =AH74/AH75 -> 0.66923077
B78: PROGRAMA 7 | C78: Brincar Social | D78: Brincar Social | E78: Brincar Social | F78: Brincar Social | G78: Brincar Social | H78: Brincar Social | AH78: % TOTAL ACERTOS
B79: Estimulos Discriminativos (Sd) | C79: Bola | D79: Bola | E79: Bola | F79: Bola | G79: Bola | H79: Bola
C80: "(nome) joga para mim" | D80: "(nome) joga para mim" | E80: "(nome) joga para mim" | F80: "(nome) joga para mim" | G80: "(nome) joga para mim" | H80: "(nome) joga para mim"
B82: AJUDA | C82: Gestual | D82: Gestual | E82: Gestual | F82: Gestual | G82: Gestual | H82: Gestual | I82: Visual | J82: Gestual | K82: Gestual | L82: Gestual | M82: Gestual | N82: Gestual | O82: Gestual | P82: Física Total | Q82: Visual | R82: Não Faz | S82: Gestual | T82: Gestual | U82: Gestual | V82: Gestual | W82: Gestual | X82: Gestual | Y82: Gestual | Z82: Gestual | AA82: Gestual | AB82: Gestual | AC82: Gestual | AD82: Gestual | AE82: Gestual | AF82: Gestual | AG82: Gestual
B83: ACERTOS | C83: 20 | D83: 20 | E83: 20 | F83: 20 | G83: 20 | H83: 20 | I83: 20 | J83: 20 | K83: 20 | L83: 20 | M83: 20 | N83: 20 | O83: 20 | P83: 9 | Q83: 20 | R83: 20 | S83: 20 | T83: 20 | U83: 20 | V83: 20 | W83: 20 | X83: 20 | Y83: 20 | Z83: 20 | AA83: 20 | AB83: 20 | AC83: 20 | AD83: 20 | AE83: 20 | AF83: 20 | AG83: 20 | AH83: =SUM(C83:AG83) -> 609
B84: TENTATIVAS | C84: 30 | D84: 30 | E84: 30 | F84: 30 | G84: 30 | H84: 30 | I84: 30 | J84: 30 | K84: 30 | L84: 30 | M84: 30 | N84: 30 | O84: 30 | P84: 10 | Q84: 30 | R84: 30 | S84: 30 | T84: 30 | U84: 30 | V84: 30 | W84: 30 | X84: 30 | Y84: 30 | Z84: 30 | AA84: 30 | AB84: 30 | AC84: 30 | AD84: 30 | AE84: 30 | AF84: 30 | AG84: 30 | AH84: =SUM(C84:AG84) -> 910
B85: % ACERTOS | C85: =C83/C84 -> 0.66666667 | D85: =D83/D84 -> 0.66666667 | E85: =E83/E84 -> 0.66666667 | F85: =F83/F84 -> 0.66666667 | G85: =G83/G84 -> 0.66666667 | H85: =H83/H84 -> 0.66666667 | I85: =I83/I84 -> 0.66666667 | J85: =J83/J84 -> 0.66666667 | ... AH85: =AH83/AH84 -> 0.66923077
B87: PROGRAMA 8 | C87: Brincar Social | D87: Brincar Social | E87: Brincar Social | F87: Brincar Social | G87: Brincar Social | H87: Brincar Social | AH87: % TOTAL ACERTOS
B88: Estimulos Discriminativos (Sd) | C88: Bola | D88: Bola | E88: Bola | F88: Bola | G88: Bola | H88: Bola
C89: "(nome) joga para mim" | D89: "(nome) joga para mim" | E89: "(nome) joga para mim" | F89: "(nome) joga para mim" | G89: "(nome) joga para mim" | H89: "(nome) joga para mim"
B91: AJUDA | C91: Gestual | D91: Gestual | E91: Gestual | F91: Gestual | G91: Gestual | H91: Gestual | I91: Visual | J91: Gestual | K91: Gestual | L91: Gestual | M91: Gestual | N91: Gestual | O91: Gestual | P91: Física Total | Q91: Visual | R91: Não Faz | S91: Gestual | T91: Gestual | U91: Gestual | V91: Gestual | W91: Gestual | X91: Gestual | Y91: Gestual | Z91: Gestual | AA91: Gestual | AB91: Gestual | AC91: Gestual | AD91: Gestual | AE91: Gestual | AF91: Gestual | AG91: Gestual
B92: ACERTOS | C92: 20 | D92: 20 | E92: 20 | F92: 20 | G92: 20 | H92: 20 | I92: 20 | J92: 20 | K92: 20 | L92: 20 | M92: 20 | N92: 20 | O92: 20 | P92: 9 | Q92: 20 | R92: 20 | S92: 20 | T92: 20 | U92: 20 | V92: 20 | W92: 20 | X92: 20 | Y92: 20 | Z92: 20 | AA92: 20 | AB92: 20 | AC92: 20 | AD92: 20 | AE92: 20 | AF92: 20 | AG92: 20 | AH92: =SUM(C92:AG92) -> 609
B93: TENTATIVAS | C93: 30 | D93: 30 | E93: 30 | F93: 30 | G93: 30 | H93: 30 | I93: 30 | J93: 30 | K93: 30 | L93: 30 | M93: 30 | N93: 30 | O93: 30 | P93: 10 | Q93: 30 | R93: 30 | S93: 30 | T93: 30 | U93: 30 | V93: 30 | W93: 30 | X93: 30 | Y93: 30 | Z93: 30 | AA93: 30 | AB93: 30 | AC93: 30 | AD93: 30 | AE93: 30 | AF93: 30 | AG93: 30 | AH93: =SUM(C93:AG93) -> 910
B94: % ACERTOS | C94: =C92/C93 -> 0.66666667 | D94: =D92/D93 -> 0.66666667 | E94: =E92/E93 -> 0.66666667 | F94: =F92/F93 -> 0.66666667 | G94: =G92/G93 -> 0.66666667 | H94: =H92/H93 -> 0.66666667 | I94: =I92/I93 -> 0.66666667 | J94: =J92/J93 -> 0.66666667 | ... AH94: =AH92/AH93 -> 0.66923077
B96: PROGRAMA 9 | C96: Brincar Social | D96: Brincar Social | E96: Brincar Social | F96: Brincar Social | G96: Brincar Social | H96: Brincar Social | AH96: % TOTAL ACERTOS
B97: Estimulos Discriminativos (Sd) | C97: Bola | D97: Bola | E97: Bola | F97: Bola | G97: Bola | H97: Bola
C98: "(nome) joga para mim" | D98: "(nome) joga para mim" | E98: "(nome) joga para mim" | F98: "(nome) joga para mim" | G98: "(nome) joga para mim" | H98: "(nome) joga para mim"
B100: AJUDA | C100: Gestual | D100: Gestual | E100: Gestual | F100: Gestual | G100: Gestual | H100: Gestual | I100: Visual | J100: Gestual | K100: Gestual | L100: Gestual | M100: Gestual | N100: Gestual | O100: Gestual | P100: Física Total | Q100: Visual | R100: Não Faz | S100: Gestual | T100: Gestual | U100: Gestual | V100: Gestual | W100: Gestual | X100: Gestual | Y100: Gestual | Z100: Gestual | AA100: Gestual | AB100: Gestual | AC100: Gestual | AD100: Gestual | AE100: Gestual | AF100: Gestual | AG100: Gestual
B101: ACERTOS | C101: 20 | D101: 20 | E101: 20 | F101: 20 | G101: 20 | H101: 20 | I101: 20 | J101: 20 | K101: 20 | L101: 20 | M101: 20 | N101: 20 | O101: 20 | P101: 9 | Q101: 20 | R101: 20 | S101: 20 | T101: 20 | U101: 20 | V101: 20 | W101: 20 | X101: 20 | Y101: 20 | Z101: 20 | AA101: 20 | AB101: 20 | AC101: 20 | AD101: 20 | AE101: 20 | AF101: 20 | AG101: 20 | AH101: =SUM(C101:AG101) -> 609
B102: TENTATIVAS | C102: 30 | D102: 30 | E102: 30 | F102: 30 | G102: 30 | H102: 30 | I102: 30 | J102: 30 | K102: 30 | L102: 30 | M102: 30 | N102: 30 | O102: 30 | P102: 10 | Q102: 30 | R102: 30 | S102: 30 | T102: 30 | U102: 30 | V102: 30 | W102: 30 | X102: 30 | Y102: 30 | Z102: 30 | AA102: 30 | AB102: 30 | AC102: 30 | AD102: 30 | AE102: 30 | AF102: 30 | AG102: 30 | AH102: =SUM(C102:AG102) -> 910
B103: % ACERTOS | C103: =C101/C102 -> 0.66666667 | D103: =D101/D102 -> 0.66666667 | E103: =E101/E102 -> 0.66666667 | F103: =F101/F102 -> 0.66666667 | G103: =G101/G102 -> 0.66666667 | H103: =H101/H102 -> 0.66666667 | I103: =I101/I102 -> 0.66666667 | J103: =J101/J102 -> 0.66666667 | ... AH103: =AH101/AH102 -> 0.66923077
B105: PROGRAMA 10 | C105: Brincar Social | D105: Brincar Social | E105: Brincar Social | F105: Brincar Social | G105: Brincar Social | H105: Brincar Social | AH105: % TOTAL ACERTOS
B106: Estimulos Discriminativos (Sd) | C106: Bola | D106: Bola | E106: Bola | F106: Bola | G106: Bola | H106: Bola
C107: "(nome) joga para mim" | D107: "(nome) joga para mim" | E107: "(nome) joga para mim" | F107: "(nome) joga para mim" | G107: "(nome) joga para mim" | H107: "(nome) joga para mim"
B109: AJUDA | C109: Gestual | D109: Gestual | E109: Gestual | F109: Gestual | G109: Gestual | H109: Gestual | I109: Visual | J109: Gestual | K109: Gestual | L109: Gestual | M109: Gestual | N109: Gestual | O109: Gestual | P109: Física Total | Q109: Visual | R109: Não Faz | S109: Gestual | T109: Gestual | U109: Gestual | V109: Gestual | W109: Gestual | X109: Gestual | Y109: Gestual | Z109: Gestual | AA109: Gestual | AB109: Gestual | AC109: Gestual | AD109: Gestual | AE109: Gestual | AF109: Gestual | AG109: Gestual
B110: ACERTOS | C110: 20 | D110: 20 | E110: 20 | F110: 20 | G110: 20 | H110: 20 | I110: 20 | J110: 20 | K110: 20 | L110: 20 | M110: 20 | N110: 20 | O110: 20 | P110: 9 | Q110: 20 | R110: 20 | S110: 20 | T110: 20 | U110: 20 | V110: 20 | W110: 20 | X110: 20 | Y110: 20 | Z110: 20 | AA110: 20 | AB110: 8 | AC110: 20 | AD110: 9 | AE110: 12 | AF110: 20 | AG110: 20 | AH110: =SUM(C110:AG110) -> 578
B111: TENTATIVAS | C111: 30 | D111: 30 | E111: 30 | F111: 30 | G111: 30 | H111: 30 | I111: 30 | J111: 30 | K111: 30 | L111: 30 | M111: 30 | N111: 30 | O111: 30 | P111: 10 | Q111: 30 | R111: 30 | S111: 30 | T111: 30 | U111: 30 | V111: 30 | W111: 30 | X111: 30 | Y111: 30 | Z111: 30 | AA111: 30 | AB111: 10 | AC111: 30 | AD111: 9 | AE111: 15 | AF111: 30 | AG111: 30 | AH111: =SUM(C111:AG111) -> 854
B112: % ACERTOS | C112: =C110/C111 -> 0.66666667 | D112: =D110/D111 -> 0.66666667 | E112: =E110/E111 -> 0.66666667 | F112: =F110/F111 -> 0.66666667 | G112: =G110/G111 -> 0.66666667 | H112: =H110/H111 -> 0.66666667 | I112: =I110/I111 -> 0.66666667 | J112: =J110/J111 -> 0.66666667 | ... AH112: =AH110/AH111 -> 0.67681499

Sheet mês 2
B1: TODOS OS DIREITOS RESERVADOS À PLANILHA E CIA - Nº DE SÉRIE DO USUÁRIO: 0024001813| PROIBIDO O RATEIO, A COMERCIALIZAÇÃO E A REPRODUÇÃO DESSE MATERIAL PROIBIDO O USO DESSE MATERIAL POR MAIS DE UM USUÁRIO, SALVO SE A COMPRA TIVER OCORRIDO ATRAVÉS DO CNPJ DA CLÍNICA. MULTIPROFISSIONAL.
B3: REGISTRO DE PROGRAMAS - 2025
B5: Criança: | C5: PROGRAMA 1 | D5: Imitação | F5: PROGRAMA 2 | G5: Brincar Social | I5: PROGRAMA 3 | L5: PROGRAMA 4 | O5: PROGRAMA 5 | R5: PROGRAMA 6 | U5: PROGRAMA 7 | X5: PROGRAMA 8 | AA5: PROGRAMA 9 | AD5: PROGRAMA 10
B6: Lucas ABC
B7: Aplicador:
B8: Natasha XYZ
B22: * Preencha na tabela todos os dados coletados nos treinos com a criança. Não preencha a linha em roxo de %acertos, que possui fórmula.
B23: Data | C23: 45748 | D23: 45749 | E23: 45750 | F23: 45751 | G23: 45752 | H23: 45753 | I23: 45754 | J23: 45755 | K23: 45756 | L23: 45757 | M23: 45758 | N23: 45759 | O23: 45760 | P23: 45761 | Q23: 45762 | R23: 45763 | S23: 45764 | T23: 45765 | U23: 45766 | V23: 45767 | W23: 45768 | X23: 45769 | Y23: 45770 | Z23: 45771 | AA23: 45772 | AB23: 45773 | AC23: 45774 | AD23: 45775 | AE23: 45776 | AF23: 45777 | AG23: % TOTAL ACERTOS
B24: PROGRAMA 1 | C24: GDFFB | D24: Imitação
B25: Sd | C25: Carro | D25: Bola
C26: "(nome) faz igual" | D26: "(nome) faz igual"
B28: AJUDA | C28: Verbal | D28: Gestual | E28: Visual | F28: Física Parcial | G28: Faz Independente | H28: Gestual | I28: Gestual | J28: Gestual | K28: Gestual | L28: Gestual | M28: Gestual | N28: Gestual | O28: Gestual | P28: Gestual | Q28: Gestual | R28: Gestual | S28: Gestual | T28: Gestual | U28: Gestual | V28: Gestual | W28: Gestual | X28: Gestual | Y28: Gestual | Z28: Gestual | AA28: Gestual | AB28: Gestual | AC28: Gestual | AD28: Gestual | AE28: Gestual | AF28: Gestual
B29: ACERTOS | C29: 20 | D29: 20 | E29: 8 | F29: 8 | G29: 8 | H29: 8 | I29: 8 | J29: 8 | K29: 8 | L29: 8 | M29: 8 | N29: 8 | O29: 8 | P29: 8 | Q29: 8 | R29: 8 | S29: 8 | T29: 8 | U29: 8 | V29: 8 | W29: 8 | X29: 8 | Y29: 8 | Z29: 8 | AA29: 8 | AB29: 8 | AC29: 8 | AD29: 8 | AE29: 8 | AF29: 8 | AG29: =SUM(C29:AF29) -> 264
B30: TENTATIVAS | C30: 30 | D30: 30 | E30: 10 | F30: 10 | G30: 10 | H30: 10 | I30: 10 | J30: 10 | K30: 10 | L30: 10 | M30: 10 | N30: 10 | O30: 10 | P30: 10 | Q30: 10 | R30: 10 | S30: 10 | T30: 10 | U30: 10 | V30: 10 | W30: 10 | X30: 10 | Y30: 10 | Z30: 10 | AA30: 10 | AB30: 10 | AC30: 10 | AD30: 10 | AE30: 10 | AF30: 10 | AG30: =SUM(C30:AF30) -> 340
B31: % ACERTOS | C31: =C29/C30 -> 0.66666667 | D31: =D29/D30 -> 0.66666667 | E31: =E29/E30 -> 0.8 | F31: =F29/F30 -> 0.8 | G31: =G29/G30 -> 0.8 | H31: =H29/H30 -> 0.8 | I31: =I29/I30 -> 0.8 | J31: =J29/J30 -> 0.8 | ... AG31: =AG29/AG30 -> 0.77647059
B33: PROGRAMA 2 | C33: Brincar Social | D33: Brincar Social | E33: Brincar Social | F33: Brincar Social | G33: Brincar Social | H33: Brincar Social | AG33: % TOTAL ACERTOS
B34: Sd | C34: Bola | D34: Bola | E34: Bola | F34: Bola | G34: Bola | H34: Bola
C35: "(nome) joga para mim" | D35: "(nome) joga para mim" | E35: "(nome) joga para mim" | F35: "(nome) joga para mim" | G35: "(nome) joga para mim" | H35: "(nome) joga para mim"
B37: AJUDA | C37: Gestual | D37: Gestual | E37: Gestual | F37: Gestual | G37: Gestual | H37: Gestual | I37: Visual | J37: Gestual | K37: Gestual | L37: Gestual | M37: Gestual | N37: Gestual | O37: Gestual | P37: Física Total | Q37: Visual | R37: Não Faz | S37: Gestual | T37: Gestual | U37: Gestual | V37: Gestual | W37: Gestual | X37: Gestual | Y37: Gestual | Z37: Gestual | AA37: Gestual | AB37: Gestual | AC37: Gestual | AD37: Gestual | AE37: Gestual | AF37: Gestual
B38: ACERTOS | C38: 20 | D38: 20 | E38: 20 | F38: 20 | G38: 20 | H38: 20 | I38: 20 | J38: 20 | K38: 20 | L38: 20 | M38: 20 | N38: 20 | O38: 20 | P38: 9 | Q38: 20 | R38: 20 | S38: 20 | T38: 20 | U38: 20 | V38: 20 | W38: 20 | X38: 20 | Y38: 20 | Z38: 20 | AA38: 20 | AB38: 20 | AC38: 20 | AD38: 20 | AE38: 20 | AF38: 20 | AG38: =SUM(C38:AF38) -> 589
B39: TENTATIVAS | C39: 30 | D39: 30 | E39: 30 | F39: 30 | G39: 30 | H39: 30 | I39: 30 | J39: 30 | K39: 30 | L39: 30 | M39: 30 | N39: 30 | O39: 30 | P39: 10 | Q39: 30 | R39: 30 | S39: 30 | T39: 30 | U39: 30 | V39: 30 | W39: 30 | X39: 30 | Y39: 30 | Z39: 30 | AA39: 30 | AB39: 30 | AC39: 30 | AD39: 30 | AE39: 30 | AF39: 30 | AG39: =SUM(C39:AF39) -> 880
B40: % ACERTOS | C40: =C38/C39 -> 0.66666667 | D40: =D38/D39 -> 0.66666667 | E40: =E38/E39 -> 0.66666667 | F40: =F38/F39 -> 0.66666667 | G40: =G38/G39 -> 0.66666667 | H40: =H38/H39 -> 0.66666667 | I40: =I38/I39 -> 0.66666667 | J40: =J38/J39 -> 0.66666667 | ... AG40: =AG38/AG39 -> 0.66931818
B42: PROGRAMA 3 | C42: Brincar Social | D42: Brincar Social | E42: Brincar Social | F42: Brincar Social | G42: Brincar Social | H42: Brincar Social | AG42: % TOTAL ACERTOS
B43: Sd | C43: Bola | D43: Bola | E43: Bola | F43: Bola | G43: Bola | H43: Bola
C44: "(nome) joga para mim" | D44: "(nome) joga para mim" | E44: "(nome) joga para mim" | F44: "(nome) joga para mim" | G44: "(nome) joga para mim" | H44: "(nome) joga para mim"
B46: AJUDA | C46: Gestual | D46: Gestual | E46: Gestual | F46: Gestual | G46: Gestual | H46: Gestual | I46: Visual | J46: Gestual | K46: Gestual | L46: Gestual | M46: Gestual | N46: Gestual | O46: Gestual | P46: Física Total | Q46: Visual | R46: Não Faz | S46: Gestual | T46: Gestual | U46: Gestual | V46: Gestual | W46: Gestual | X46: Gestual | Y46: Gestual | Z46: Gestual | AA46: Gestual | AB46: Gestual | AC46: Gestual | AD46: Gestual | AE46: Gestual | AF46: Gestual
B47: ACERTOS | C47: 20 | D47: 20 | E47: 20 | F47: 20 | G47: 20 | H47: 20 | I47: 20 | J47: 20 | K47: 20 | L47: 20 | M47: 20 | N47: 20 | O47: 20 | P47: 9 | Q47: 20 | R47: 20 | S47: 20 | T47: 20 | U47: 20 | V47: 20 | W47: 20 | X47: 20 | Y47: 20 | Z47: 20 | AA47: 20 | AB47: 20 | AC47: 20 | AD47: 20 | AE47: 20 | AF47: 20 | AG47: =SUM(C47:AF47) -> 589
B48: TENTATIVAS | C48: 30 | D48: 30 | E48: 30 | F48: 30 | G48: 30 | H48: 30 | I48: 30 | J48: 30 | K48: 30 | L48: 30 | M48: 30 | N48: 30 | O48: 30 | P48: 10 | Q48: 30 | R48: 30 | S48: 30 | T48: 30 | U48: 30 | V48: 30 | W48: 30 | X48: 30 | Y48: 30 | Z48: 30 | AA48: 30 | AB48: 30 | AC48: 30 | AD48: 30 | AE48: 30 | AF48: 30 | AG48: =SUM(C48:AF48) -> 880
B49: % ACERTOS | C49: =C47/C48 -> 0.66666667 | D49: =D47/D48 -> 0.66666667 | E49: =E47/E48 -> 0.66666667 | F49: =F47/F48 -> 0.66666667 | G49: =G47/G48 -> 0.66666667 | H49: =H47/H48 -> 0.66666667 | I49: =I47/I48 -> 0.66666667 | J49: =J47/J48 -> 0.66666667 | ... AG49: =AG47/AG48 -> 0.66931818
B51: PROGRAMA 4 | C51: Brincar Social | D51: Brincar Social | E51: Brincar Social | F51: Brincar Social | G51: Brincar Social | H51: Brincar Social | AG51: % TOTAL ACERTOS
B52: Sd | C52: Bola | D52: Bola | E52: Bola | F52: Bola | G52: Bola | H52: Bola
C53: "(nome) joga para mim" | D53: "(nome) joga para mim" | E53: "(nome) joga para mim" | F53: "(nome) joga para mim" | G53: "(nome) joga para mim" | H53: "(nome) joga para mim"
B55: AJUDA | C55: Gestual | D55: Gestual | E55: Gestual | F55: Gestual | G55: Gestual | H55: Gestual | I55: Visual | J55: Gestual | K55: Gestual | L55: Gestual | M55: Gestual | N55: Gestual | O55: Gestual | P55: Física Total | Q55: Visual | R55: Não Faz | S55: Gestual | T55: Gestual | U55: Gestual | V55: Gestual | W55: Gestual | X55: Gestual | Y55: Gestual | Z55: Gestual | AA55: Gestual | AB55: Gestual | AC55: Gestual | AD55: Gestual | AE55: Gestual | AF55: Gestual
B56: ACERTOS | C56: 20 | D56: 20 | E56: 20 | F56: 20 | G56: 20 | H56: 20 | I56: 20 | J56: 20 | K56: 20 | L56: 20 | M56: 20 | N56: 20 | O56: 20 | P56: 9 | Q56: 20 | R56: 20 | S56: 20 | T56: 20 | U56: 20 | V56: 20 | W56: 20 | X56: 20 | Y56: 20 | Z56: 20 | AA56: 20 | AB56: 20 | AC56: 20 | AD56: 20 | AE56: 20 | AF56: 20 | AG56: =SUM(C56:AF56) -> 589
B57: TENTATIVAS | C57: 30 | D57: 30 | E57: 30 | F57: 30 | G57: 30 | H57: 30 | I57: 30 | J57: 30 | K57: 30 | L57: 30 | M57: 30 | N57: 30 | O57: 30 | P57: 10 | Q57: 30 | R57: 30 | S57: 30 | T57: 30 | U57: 30 | V57: 30 | W57: 30 | X57: 30 | Y57: 30 | Z57: 30 | AA57: 30 | AB57: 30 | AC57: 30 | AD57: 30 | AE57: 30 | AF57: 30 | AG57: =SUM(C57:AF57) -> 880
B58: % ACERTOS | C58: =C56/C57 -> 0.66666667 | D58: =D56/D57 -> 0.66666667 | E58: =E56/E57 -> 0.66666667 | F58: =F56/F57 -> 0.66666667 | G58: =G56/G57 -> 0.66666667 | H58: =H56/H57 -> 0.66666667 | I58: =I56/I57 -> 0.66666667 | J58: =J56/J57 -> 0.66666667 | ... AG58: =AG56/AG57 -> 0.66931818
B60: PROGRAMA 5 | C60: Brincar Social | D60: Brincar Social | E60: Brincar Social | F60: Brincar Social | G60: Brincar Social | H60: Brincar Social | AG60: % TOTAL ACERTOS
B61: Sd | C61: Bola | D61: Bola | E61: Bola | F61: Bola | G61: Bola | H61: Bola
C62: "(nome) joga para mim" | D62: "(nome) joga para mim" | E62: "(nome) joga para mim" | F62: "(nome) joga para mim" | G62: "(nome) joga para mim" | H62: "(nome) joga para mim"
B64: AJUDA | C64: Gestual | D64: Gestual | E64: Gestual | F64: Gestual | G64: Gestual | H64: Gestual | I64: Visual | J64: Gestual | K64: Gestual | L64: Gestual | M64: Gestual | N64: Gestual | O64: Gestual | P64: Física Total | Q64: Visual | R64: Não Faz | S64: Gestual | T64: Gestual | U64: Gestual | V64: Gestual | W64: Gestual | X64: Gestual | Y64: Gestual | Z64: Gestual | AA64: Gestual | AB64: Gestual | AC64: Gestual | AD64: Gestual | AE64: Gestual | AF64: Gestual
B65: ACERTOS | C65: 20 | D65: 20 | E65: 20 | F65: 20 | G65: 20 | H65: 20 | I65: 20 | J65: 20 | K65: 20 | L65: 20 | M65: 20 | N65: 20 | O65: 20 | P65: 9 | Q65: 20 | R65: 20 | S65: 20 | T65: 20 | U65: 20 | V65: 20 | W65: 20 | X65: 20 | Y65: 20 | Z65: 20 | AA65: 20 | AB65: 20 | AC65: 20 | AD65: 20 | AE65: 20 | AF65: 20 | AG65: =SUM(C65:AF65) -> 589
B66: TENTATIVAS | C66: 30 | D66: 30 | E66: 30 | F66: 30 | G66: 30 | H66: 30 | I66: 30 | J66: 30 | K66: 30 | L66: 30 | M66: 30 | N66: 30 | O66: 30 | P66: 10 | Q66: 30 | R66: 30 | S66: 30 | T66: 30 | U66: 30 | V66: 30 | W66: 30 | X66: 30 | Y66: 30 | Z66: 30 | AA66: 30 | AB66: 30 | AC66: 30 | AD66: 30 | AE66: 30 | AF66: 30 | AG66: =SUM(C66:AF66) -> 880
B67: % ACERTOS | C67: =C65/C66 -> 0.66666667 | D67: =D65/D66 -> 0.66666667 | E67: =E65/E66 -> 0.66666667 | F67: =F65/F66 -> 0.66666667 | G67: =G65/G66 -> 0.66666667 | H67: =H65/H66 -> 0.66666667 | I67: =I65/I66 -> 0.66666667 | J67: =J65/J66 -> 0.66666667 | ... AG67: =AG65/AG66 -> 0.66931818
B69: PROGRAMA 6 | C69: Brincar Social | D69: Brincar Social | E69: Brincar Social | F69: Brincar Social | G69: Brincar Social | H69: Brincar Social | AG69: % TOTAL ACERTOS
B70: Sd | C70: Bola | D70: Bola | E70: Bola | F70: Bola | G70: Bola | H70: Bola
C71: "(nome) joga para mim" | D71: "(nome) joga para mim" | E71: "(nome) joga para mim" | F71: "(nome) joga para mim" | G71: "(nome) joga para mim" | H71: "(nome) joga para mim"
B73: AJUDA | C73: Gestual | D73: Gestual | E73: Gestual | F73: Gestual | G73: Gestual | H73: Gestual | I73: Visual | J73: Gestual | K73: Gestual | L73: Gestual | M73: Gestual | N73: Gestual | O73: Gestual | P73: Física Total | Q73: Visual | R73: Não Faz | S73: Gestual | T73: Gestual | U73: Gestual | V73: Gestual | W73: Gestual | X73: Gestual | Y73: Gestual | Z73: Gestual | AA73: Gestual | AB73: Gestual | AC73: Gestual | AD73: Gestual | AE73: Gestual | AF73: Gestual
B74: ACERTOS | C74: 20 | D74: 20 | E74: 20 | F74: 20 | G74: 20 | H74: 20 | I74: 20 | J74: 20 | K74: 20 | L74: 20 | M74: 20 | N74: 20 | O74: 20 | P74: 9 | Q74: 20 | R74: 20 | S74: 20 | T74: 20 | U74: 20 | V74: 20 | W74: 20 | X74: 20 | Y74: 20 | Z74: 20 | AA74: 20 | AB74: 20 | AC74: 20 | AD74: 20 | AE74: 20 | AF74: 20 | AG74: =SUM(C74:AF74) -> 589
B75: TENTATIVAS | C75: 30 | D75: 30 | E75: 30 | F75: 30 | G75: 30 | H75: 30 | I75: 30 | J75: 30 | K75: 30 | L75: 30 | M75: 30 | N75: 30 | O75: 30 | P75: 10 | Q75: 30 | R75: 30 | S75: 30 | T75: 30 | U75: 30 | V75: 30 | W75: 30 | X75: 30 | Y75: 30 | Z75: 30 | AA75: 30 | AB75: 30 | AC75: 30 | AD75: 30 | AE75: 30 | AF75: 30 | AG75: =SUM(C75:AF75) -> 880
B76: % ACERTOS | C76: =C74/C75 -> 0.66666667 | D76: =D74/D75 -> 0.66666667 | E76: =E74/E75 -> 0.66666667 | F76: =F74/F75 -> 0.66666667 | G76: =G74/G75 -> 0.66666667 | H76: =H74/H75 -> 0.66666667 | I76: =I74/I75 -> 0.66666667 | J76: =J74/J75 -> 0.66666667 | ... AG76: =AG74/AG75 -> 0.66931818
B78: PROGRAMA 7 | C78: Brincar Social | D78: Brincar Social | E78: Brincar Social | F78: Brincar Social | G78: Brincar Social | H78: Brincar Social | AG78: % TOTAL ACERTOS
B79: Sd | C79: Bola | D79: Bola | E79: Bola | F79: Bola | G79: Bola | H79: Bola
C80: "(nome) joga para mim" | D80: "(nome) joga para mim" | E80: "(nome) joga para mim" | F80: "(nome) joga para mim" | G80: "(nome) joga para mim" | H80: "(nome) joga para mim"
B82: AJUDA | C82: Gestual | D82: Gestual | E82: Gestual | F82: Gestual | G82: Gestual | H82: Gestual | I82: Visual | J82: Gestual | K82: Gestual | L82: Gestual | M82: Gestual | N82: Gestual | O82: Gestual | P82: Física Total | Q82: Visual | R82: Não Faz | S82: Gestual | T82: Gestual | U82: Gestual | V82: Gestual | W82: Gestual | X82: Gestual | Y82: Gestual | Z82: Gestual | AA82: Gestual | AB82: Gestual | AC82: Gestual | AD82: Gestual | AE82: Gestual | AF82: Gestual
B83: ACERTOS | C83: 20 | D83: 20 | E83: 20 | F83: 20 | G83: 20 | H83: 20 | I83: 20 | J83: 20 | K83: 20 | L83: 20 | M83: 20 | N83: 20 | O83: 20 | P83: 9 | Q83: 20 | R83: 20 | S83: 20 | T83: 20 | U83: 20 | V83: 20 | W83: 20 | X83: 20 | Y83: 20 | Z83: 20 | AA83: 20 | AB83: 20 | AC83: 20 | AD83: 20 | AE83: 20 | AF83: 20 | AG83: =SUM(C83:AF83) -> 589
B84: TENTATIVAS | C84: 30 | D84: 30 | E84: 30 | F84: 30 | G84: 30 | H84: 30 | I84: 30 | J84: 30 | K84: 30 | L84: 30 | M84: 30 | N84: 30 | O84: 30 | P84: 10 | Q84: 30 | R84: 30 | S84: 30 | T84: 30 | U84: 30 | V84: 30 | W84: 30 | X84: 30 | Y84: 30 | Z84: 30 | AA84: 30 | AB84: 30 | AC84: 30 | AD84: 30 | AE84: 30 | AF84: 30 | AG84: =SUM(C84:AF84) -> 880
B85: % ACERTOS | C85: =C83/C84 -> 0.66666667 | D85: =D83/D84 -> 0.66666667 | E85: =E83/E84 -> 0.66666667 | F85: =F83/F84 -> 0.66666667 | G85: =G83/G84 -> 0.66666667 | H85: =H83/H84 -> 0.66666667 | I85: =I83/I84 -> 0.66666667 | J85: =J83/J84 -> 0.66666667 | ... AG85: =AG83/AG84 -> 0.66931818
B87: PROGRAMA 8 | C87: Brincar Social | D87: Brincar Social | E87: Brincar Social | F87: Brincar Social | G87: Brincar Social | H87: Brincar Social | AG87: % TOTAL ACERTOS
B88: Sd | C88: Bola | D88: Bola | E88: Bola | F88: Bola | G88: Bola | H88: Bola
C89: "(nome) joga para mim" | D89: "(nome) joga para mim" | E89: "(nome) joga para mim" | F89: "(nome) joga para mim" | G89: "(nome) joga para mim" | H89: "(nome) joga para mim"
B91: AJUDA | C91: Gestual | D91: Gestual | E91: Gestual | F91: Gestual | G91: Gestual | H91: Gestual | I91: Visual | J91: Gestual | K91: Gestual | L91: Gestual | M91: Gestual | N91: Gestual | O91: Gestual | P91: Física Total | Q91: Visual | R91: Não Faz | S91: Gestual | T91: Gestual | U91: Gestual | V91: Gestual | W91: Gestual | X91: Gestual | Y91: Gestual | Z91: Gestual | AA91: Gestual | AB91: Gestual | AC91: Gestual | AD91: Gestual | AE91: Gestual | AF91: Gestual
B92: ACERTOS | C92: 20 | D92: 20 | E92: 20 | F92: 20 | G92: 20 | H92: 20 | I92: 20 | J92: 20 | K92: 20 | L92: 20 | M92: 20 | N92: 20 | O92: 20 | P92: 9 | Q92: 20 | R92: 20 | S92: 20 | T92: 20 | U92: 20 | V92: 20 | W92: 20 | X92: 20 | Y92: 20 | Z92: 20 | AA92: 20 | AB92: 20 | AC92: 20 | AD92: 20 | AE92: 20 | AF92: 20 | AG92: =SUM(C92:AF92) -> 589
B93: TENTATIVAS | C93: 30 | D93: 30 | E93: 30 | F93: 30 | G93: 30 | H93: 30 | I93: 30 | J93: 30 | K93: 30 | L93: 30 | M93: 30 | N93: 30 | O93: 30 | P93: 10 | Q93: 30 | R93: 30 | S93: 30 | T93: 30 | U93: 30 | V93: 30 | W93: 30 | X93: 30 | Y93: 30 | Z93: 30 | AA93: 30 | AB93: 30 | AC93: 30 | AD93: 30 | AE93: 30 | AF93: 30 | AG93: =SUM(C93:AF93) -> 880
B94: % ACERTOS | C94: =C92/C93 -> 0.66666667 | D94: =D92/D93 -> 0.66666667 | E94: =E92/E93 -> 0.66666667 | F94: =F92/F93 -> 0.66666667 | G94: =G92/G93 -> 0.66666667 | H94: =H92/H93 -> 0.66666667 | I94: =I92/I93 -> 0.66666667 | J94: =J92/J93 -> 0.66666667 | ... AG94: =AG92/AG93 -> 0.66931818
B96: PROGRAMA 9 | C96: Brincar Social | D96: Brincar Social | E96: Brincar Social | F96: Brincar Social | G96: Brincar Social | H96: Brincar Social | AG96: % TOTAL ACERTOS
B97: Sd | C97: Bola | D97: Bola | E97: Bola | F97: Bola | G97: Bola | H97: Bola
C98: "(nome) joga para mim" | D98: "(nome) joga para mim" | E98: "(nome) joga para mim" | F98: "(nome) joga para mim" | G98: "(nome) joga para mim" | H98: "(nome) joga para mim"
B100: AJUDA | C100: Gestual | D100: Gestual | E100: Gestual | F100: Gestual | G100: Gestual | H100: Gestual | I100: Visual | J100: Gestual | K100: Gestual | L100: Gestual | M100: Gestual | N100: Gestual | O100: Gestual | P100: Física Total | Q100: Visual | R100: Não Faz | S100: Gestual | T100: Gestual | U100: Gestual | V100: Gestual | W100: Gestual | X100: Gestual | Y100: Gestual | Z100: Gestual | AA100: Gestual | AB100: Gestual | AC100: Gestual | AD100: Gestual | AE100: Gestual | AF100: Gestual
B101: ACERTOS | C101: 20 | D101: 20 | E101: 20 | F101: 20 | G101: 20 | H101: 20 | I101: 20 | J101: 20 | K101: 20 | L101: 20 | M101: 20 | N101: 20 | O101: 20 | P101: 9 | Q101: 20 | R101: 20 | S101: 20 | T101: 20 | U101: 20 | V101: 20 | W101: 20 | X101: 20 | Y101: 20 | Z101: 20 | AA101: 20 | AB101: 20 | AC101: 20 | AD101: 20 | AE101: 20 | AF101: 20 | AG101: =SUM(C101:AF101) -> 589
B102: TENTATIVAS | C102: 30 | D102: 30 | E102: 30 | F102: 30 | G102: 30 | H102: 30 | I102: 30 | J102: 30 | K102: 30 | L102: 30 | M102: 30 | N102: 30 | O102: 30 | P102: 10 | Q102: 30 | R102: 30 | S102: 30 | T102: 30 | U102: 30 | V102: 30 | W102: 30 | X102: 30 | Y102: 30 | Z102: 30 | AA102: 30 | AB102: 30 | AC102: 30 | AD102: 30 | AE102: 30 | AF102: 30 | AG102: =SUM(C102:AF102) -> 880
B103: % ACERTOS | C103: =C101/C102 -> 0.66666667 | D103: =D101/D102 -> 0.66666667 | E103: =E101/E102 -> 0.66666667 | F103: =F101/F102 -> 0.66666667 | G103: =G101/G102 -> 0.66666667 | H103: =H101/H102 -> 0.66666667 | I103: =I101/I102 -> 0.66666667 | J103: =J101/J102 -> 0.66666667 | ... AG103: =AG101/AG102 -> 0.66931818
B105: PROGRAMA 10 | C105: Brincar Social | D105: Brincar Social | E105: Brincar Social | F105: Brincar Social | G105: Brincar Social | H105: Brincar Social | AG105: % TOTAL ACERTOS
B106: Sd | C106: Bola | D106: Bola | E106: Bola | F106: Bola | G106: Bola | H106: Bola
C107: "(nome) joga para mim" | D107: "(nome) joga para mim" | E107: "(nome) joga para mim" | F107: "(nome) joga para mim" | G107: "(nome) joga para mim" | H107: "(nome) joga para mim"
B109: AJUDA | C109: Gestual | D109: Gestual | E109: Gestual | F109: Gestual | G109: Gestual | H109: Gestual | I109: Visual | J109: Gestual | K109: Gestual | L109: Gestual | M109: Gestual | N109: Gestual | O109: Gestual | P109: Física Total | Q109: Visual | R109: Não Faz | S109: Gestual | T109: Gestual | U109: Gestual | V109: Gestual | W109: Gestual | X109: Gestual | Y109: Gestual | Z109: Gestual | AA109: Gestual | AB109: Gestual | AC109: Gestual | AD109: Gestual | AE109: Gestual | AF109: Gestual
B110: ACERTOS | C110: 20 | D110: 20 | E110: 20 | F110: 20 | G110: 20 | H110: 20 | I110: 20 | J110: 20 | K110: 20 | L110: 20 | M110: 20 | N110: 20 | O110: 20 | P110: 9 | Q110: 20 | R110: 20 | S110: 20 | T110: 20 | U110: 20 | V110: 20 | W110: 20 | X110: 20 | Y110: 20 | Z110: 20 | AA110: 20 | AB110: 8 | AC110: 20 | AD110: 9 | AE110: 12 | AF110: 20 | AG110: =SUM(C110:AF110) -> 558
B111: TENTATIVAS | C111: 30 | D111: 30 | E111: 30 | F111: 30 | G111: 30 | H111: 30 | I111: 30 | J111: 30 | K111: 30 | L111: 30 | M111: 30 | N111: 30 | O111: 30 | P111: 10 | Q111: 30 | R111: 30 | S111: 30 | T111: 30 | U111: 30 | V111: 30 | W111: 30 | X111: 30 | Y111: 30 | Z111: 30 | AA111: 30 | AB111: 10 | AC111: 30 | AD111: 9 | AE111: 15 | AF111: 30 | AG111: =SUM(C111:AF111) -> 824
B112: % ACERTOS | C112: =C110/C111 -> 0.66666667 | D112: =D110/D111 -> 0.66666667 | E112: =E110/E111 -> 0.66666667 | F112: =F110/F111 -> 0.66666667 | G112: =G110/G111 -> 0.66666667 | H112: =H110/H111 -> 0.66666667 | I112: =I110/I111 -> 0.66666667 | J112: =J110/J111 -> 0.66666667 | ... AG112: =AG110/AG111 -> 0.67718447

Sheet mês 3
B1: TODOS OS DIREITOS RESERVADOS À PLANILHA E CIA - Nº DE SÉRIE DO USUÁRIO: 0024001813| PROIBIDO O RATEIO, A COMERCIALIZAÇÃO E A REPRODUÇÃO DESSE MATERIAL PROIBIDO O USO DESSE MATERIAL POR MAIS DE UM USUÁRIO, SALVO SE A COMPRA TIVER OCORRIDO ATRAVÉS DO CNPJ DA CLÍNICA. MULTIPROFISSIONAL.
B3: REGISTRO DE PROGRAMAS - 2025
B5: Criança: | C5: PROGRAMA 1 | D5: Imitação | F5: PROGRAMA 2 | G5: Brincar Social | I5: PROGRAMA 3 | L5: PROGRAMA 4 | O5: PROGRAMA 5 | R5: PROGRAMA 6 | U5: PROGRAMA 7 | X5: PROGRAMA 8 | AA5: PROGRAMA 9 | AD5: PROGRAMA 10
B6: Lucas ABC
B7: Aplicador:
B8: Natasha XYZ
B22: * Preencha na tabela todos os dados coletados nos treinos com a criança. Não preencha a linha em roxo de %acertos, que possui fórmula.
B23: Data | C23: 45778 | D23: 45779 | E23: 45780 | F23: 45781 | G23: 45782 | H23: 45783 | I23: 45784 | J23: 45785 | K23: 45786 | L23: 45787 | M23: 45788 | N23: 45789 | O23: 45790 | P23: 45791 | Q23: 45792 | R23: 45793 | S23: 45794 | T23: 45795 | U23: 45796 | V23: 45797 | W23: 45798 | X23: 45799 | Y23: 45800 | Z23: 45801 | AA23: 45802 | AB23: 45803 | AC23: 45804 | AD23: 45805 | AE23: 45806 | AF23: 45807 | AG23: 45808 | AH23: % TOTAL ACERTOS
B24: PROGRAMA 1 | C24: Imitação | D24: Imitação
B25: Sd | C25: Carro | D25: Bola
C26: "(nome) faz igual" | D26: "(nome) faz igual"
B28: AJUDA | C28: Gestual | D28: Gestual | E28: Visual | F28: Física Parcial | G28: Faz Independente | H28: Gestual | I28: Gestual | J28: Gestual | K28: Gestual | L28: Gestual | M28: Gestual | N28: Gestual | O28: Gestual | P28: Gestual | Q28: Gestual | R28: Gestual | S28: Gestual | T28: Gestual | U28: Gestual | V28: Gestual | W28: Gestual | X28: Gestual | Y28: Gestual | Z28: Gestual | AA28: Gestual | AB28: Gestual | AC28: Gestual | AD28: Gestual | AE28: Gestual | AF28: Gestual | AG28: Gestual
B29: ACERTOS | C29: 20 | D29: 20 | E29: 8 | F29: 8 | G29: 8 | H29: 8 | I29: 8 | J29: 8 | K29: 8 | L29: 8 | M29: 8 | N29: 8 | O29: 8 | P29: 8 | Q29: 8 | R29: 8 | S29: 8 | T29: 8 | U29: 8 | V29: 8 | W29: 8 | X29: 8 | Y29: 8 | Z29: 8 | AA29: 8 | AB29: 8 | AC29: 8 | AD29: 8 | AE29: 8 | AF29: 8 | AG29: 8 | AH29: =SUM(C29:AG29) -> 272
B30: TENTATIVAS | C30: 30 | D30: 30 | E30: 10 | F30: 10 | G30: 10 | H30: 10 | I30: 10 | J30: 10 | K30: 10 | L30: 10 | M30: 10 | N30: 10 | O30: 10 | P30: 10 | Q30: 10 | R30: 10 | S30: 10 | T30: 10 | U30: 10 | V30: 10 | W30: 10 | X30: 10 | Y30: 10 | Z30: 10 | AA30: 10 | AB30: 10 | AC30: 10 | AD30: 10 | AE30: 10 | AF30: 10 | AG30: 10 | AH30: =SUM(C30:AG30) -> 350
B31: % ACERTOS | C31: =C29/C30 -> 0.66666667 | D31: =D29/D30 -> 0.66666667 | E31: =E29/E30 -> 0.8 | F31: =F29/F30 -> 0.8 | G31: =G29/G30 -> 0.8 | H31: =H29/H30 -> 0.8 | I31: =I29/I30 -> 0.8 | J31: =J29/J30 -> 0.8 | ... AH31: =AH29/AH30 -> 0.77714286
B33: PROGRAMA 2 | C33: Brincar Social | D33: Brincar Social | E33: Brincar Social | F33: Brincar Social | G33: Brincar Social | H33: Brincar Social | AH33: % TOTAL ACERTOS
B34: Sd
B37: AJUDA | K37: Gestual | L37: Gestual | M37: Gestual | N37: Gestual | O37: Gestual | P37: Física Total | Q37: Visual | R37: Não Faz | S37: Gestual | T37: Gestual | U37: Gestual | V37: Gestual | W37: Gestual | X37: Gestual | Y37: Gestual | Z37: Gestual | AA37: Gestual | AB37: Gestual | AC37: Gestual | AD37: Gestual | AE37: Gestual | AF37: Gestual | AG37: Gestual
B38: ACERTOS | K38: 20 | L38: 20 | M38: 20 | N38: 20 | O38: 20 | P38: 9 | Q38: 20 | R38: 20 | S38: 20 | T38: 20 | U38: 20 | V38: 20 | W38: 20 | X38: 20 | Y38: 20 | Z38: 20 | AA38: 20 | AB38: 20 | AC38: 20 | AD38: 20 | AE38: 20 | AF38: 20 | AG38: 20 | AH38: =SUM(C38:AG38) -> 449
B39: TENTATIVAS | K39: 30 | L39: 30 | M39: 30 | N39: 30 | O39: 30 | P39: 10 | Q39: 30 | R39: 30 | S39: 30 | T39: 30 | U39: 30 | V39: 30 | W39: 30 | X39: 30 | Y39: 30 | Z39: 30 | AA39: 30 | AB39: 30 | AC39: 30 | AD39: 30 | AE39: 30 | AF39: 30 | AG39: 30 | AH39: =SUM(C39:AG39) -> 670
B40: % ACERTOS | C40: =C38/C39 -> #DIV/0! | D40: =D38/D39 -> #DIV/0! | E40: =E38/E39 -> #DIV/0! | F40: =F38/F39 -> #DIV/0! | G40: =G38/G39 -> #DIV/0! | H40: =H38/H39 -> #DIV/0! | I40: =I38/I39 -> #DIV/0! | J40: =J38/J39 -> #DIV/0! | ... AH40: =AH38/AH39 -> 0.67014925
B42: PROGRAMA 3 | C42: Brincar Social | D42: Brincar Social | E42: Brincar Social | F42: Brincar Social | G42: Brincar Social | H42: Brincar Social | AH42: % TOTAL ACERTOS
B43: Sd | C43: Bola | D43: Bola | E43: Bola | F43: Bola | G43: Bola | H43: Bola
C44: "(nome) joga para mim" | D44: "(nome) joga para mim" | E44: "(nome) joga para mim" | F44: "(nome) joga para mim" | G44: "(nome) joga para mim" | H44: "(nome) joga para mim"
B46: AJUDA | C46: Gestual | D46: Gestual | E46: Gestual | F46: Gestual | G46: Gestual | H46: Gestual | I46: Visual | J46: Gestual | K46: Gestual | L46: Gestual | M46: Gestual | N46: Gestual | O46: Gestual | P46: Física Total | Q46: Visual | R46: Não Faz | S46: Gestual | T46: Gestual | U46: Gestual | V46: Gestual | W46: Gestual | X46: Gestual | Y46: Gestual | Z46: Gestual | AA46: Gestual | AB46: Gestual | AC46: Gestual | AD46: Gestual | AE46: Gestual | AF46: Gestual | AG46: Gestual
B47: ACERTOS | C47: 20 | D47: 20 | E47: 20 | F47: 20 | G47: 20 | H47: 20 | I47: 20 | J47: 20 | K47: 20 | L47: 20 | M47: 20 | N47: 20 | O47: 20 | P47: 9 | Q47: 20 | R47: 20 | S47: 20 | T47: 20 | U47: 20 | V47: 20 | W47: 20 | X47: 20 | Y47: 20 | Z47: 20 | AA47: 20 | AB47: 20 | AC47: 20 | AD47: 20 | AE47: 20 | AF47: 20 | AG47: 20 | AH47: =SUM(C47:AG47) -> 609
B48: TENTATIVAS | C48: 30 | D48: 30 | E48: 30 | F48: 30 | G48: 30 | H48: 30 | I48: 30 | J48: 30 | K48: 30 | L48: 30 | M48: 30 | N48: 30 | O48: 30 | P48: 10 | Q48: 30 | R48: 30 | S48: 30 | T48: 30 | U48: 30 | V48: 30 | W48: 30 | X48: 30 | Y48: 30 | Z48: 30 | AA48: 30 | AB48: 30 | AC48: 30 | AD48: 30 | AE48: 30 | AF48: 30 | AG48: 30 | AH48: =SUM(C48:AG48) -> 910
B49: % ACERTOS | C49: =C47/C48 -> 0.66666667 | D49: =D47/D48 -> 0.66666667 | E49: =E47/E48 -> 0.66666667 | F49: =F47/F48 -> 0.66666667 | G49: =G47/G48 -> 0.66666667 | H49: =H47/H48 -> 0.66666667 | I49: =I47/I48 -> 0.66666667 | J49: =J47/J48 -> 0.66666667 | ... AH49: =AH47/AH48 -> 0.66923077
B51: PROGRAMA 4 | C51: Brincar Social | D51: Brincar Social | E51: Brincar Social | F51: Brincar Social | G51: Brincar Social | H51: Brincar Social | AH51: % TOTAL ACERTOS
B52: Sd | C52: Bola | D52: Bola | E52: Bola | F52: Bola | G52: Bola | H52: Bola
C53: "(nome) joga para mim" | D53: "(nome) joga para mim" | E53: "(nome) joga para mim" | F53: "(nome) joga para mim" | G53: "(nome) joga para mim" | H53: "(nome) joga para mim"
B55: AJUDA | C55: Gestual | D55: Gestual | E55: Gestual | F55: Gestual | G55: Gestual | H55: Gestual | I55: Visual | J55: Gestual | K55: Gestual | L55: Gestual | M55: Gestual | N55: Gestual | O55: Gestual | P55: Física Total | Q55: Visual | R55: Não Faz | S55: Gestual | T55: Gestual | U55: Gestual | V55: Gestual | W55: Gestual | X55: Gestual | Y55: Gestual | Z55: Gestual | AA55: Gestual | AB55: Gestual | AC55: Gestual | AD55: Gestual | AE55: Gestual | AF55: Gestual | AG55: Gestual
B56: ACERTOS | C56: 20 | D56: 20 | E56: 20 | F56: 20 | G56: 20 | H56: 20 | I56: 20 | J56: 20 | K56: 20 | L56: 20 | M56: 20 | N56: 20 | O56: 20 | P56: 9 | Q56: 20 | R56: 20 | S56: 20 | T56: 20 | U56: 20 | V56: 20 | W56: 20 | X56: 20 | Y56: 20 | Z56: 20 | AA56: 20 | AB56: 20 | AC56: 20 | AD56: 20 | AE56: 20 | AF56: 20 | AG56: 20 | AH56: =SUM(C56:AG56) -> 609
B57: TENTATIVAS | C57: 30 | D57: 30 | E57: 30 | F57: 30 | G57: 30 | H57: 30 | I57: 30 | J57: 30 | K57: 30 | L57: 30 | M57: 30 | N57: 30 | O57: 30 | P57: 10 | Q57: 30 | R57: 30 | S57: 30 | T57: 30 | U57: 30 | V57: 30 | W57: 30 | X57: 30 | Y57: 30 | Z57: 30 | AA57: 30 | AB57: 30 | AC57: 30 | AD57: 30 | AE57: 30 | AF57: 30 | AG57: 30 | AH57: =SUM(C57:AG57) -> 910
B58: % ACERTOS | C58: =C56/C57 -> 0.66666667 | D58: =D56/D57 -> 0.66666667 | E58: =E56/E57 -> 0.66666667 | F58: =F56/F57 -> 0.66666667 | G58: =G56/G57 -> 0.66666667 | H58: =H56/H57 -> 0.66666667 | I58: =I56/I57 -> 0.66666667 | J58: =J56/J57 -> 0.66666667 | ... AH58: =AH56/AH57 -> 0.66923077
B60: PROGRAMA 5 | C60: Brincar Social | D60: Brincar Social | E60: Brincar Social | F60: Brincar Social | G60: Brincar Social | H60: Brincar Social | AH60: % TOTAL ACERTOS
B61: Sd | C61: Bola | D61: Bola | E61: Bola | F61: Bola | G61: Bola | H61: Bola
C62: "(nome) joga para mim" | D62: "(nome) joga para mim" | E62: "(nome) joga para mim" | F62: "(nome) joga para mim" | G62: "(nome) joga para mim" | H62: "(nome) joga para mim"
B64: AJUDA | C64: Gestual | D64: Gestual | E64: Gestual | F64: Gestual | G64: Gestual | H64: Gestual | I64: Visual | J64: Gestual | K64: Gestual | L64: Gestual | M64: Gestual | N64: Gestual | O64: Gestual | P64: Física Total | Q64: Visual | R64: Não Faz | S64: Gestual | T64: Gestual | U64: Gestual | V64: Gestual | W64: Gestual | X64: Gestual | Y64: Gestual | Z64: Gestual | AA64: Gestual | AB64: Gestual | AC64: Gestual | AD64: Gestual | AE64: Gestual | AF64: Gestual | AG64: Gestual
B65: ACERTOS | C65: 20 | D65: 20 | E65: 20 | F65: 20 | G65: 20 | H65: 20 | I65: 20 | J65: 20 | K65: 20 | L65: 20 | M65: 20 | N65: 20 | O65: 20 | P65: 9 | Q65: 20 | R65: 20 | S65: 20 | T65: 20 | U65: 20 | V65: 20 | W65: 20 | X65: 20 | Y65: 20 | Z65: 20 | AA65: 20 | AB65: 20 | AC65: 20 | AD65: 20 | AE65: 20 | AF65: 20 | AG65: 20 | AH65: =SUM(C65:AG65) -> 609
B66: TENTATIVAS | C66: 30 | D66: 30 | E66: 30 | F66: 30 | G66: 30 | H66: 30 | I66: 30 | J66: 30 | K66: 30 | L66: 30 | M66: 30 | N66: 30 | O66: 30 | P66: 10 | Q66: 30 | R66: 30 | S66: 30 | T66: 30 | U66: 30 | V66: 30 | W66: 30 | X66: 30 | Y66: 30 | Z66: 30 | AA66: 30 | AB66: 30 | AC66: 30 | AD66: 30 | AE66: 30 | AF66: 30 | AG66: 30 | AH66: =SUM(C66:AG66) -> 910
B67: % ACERTOS | C67: =C65/C66 -> 0.66666667 | D67: =D65/D66 -> 0.66666667 | E67: =E65/E66 -> 0.66666667 | F67: =F65/F66 -> 0.66666667 | G67: =G65/G66 -> 0.66666667 | H67: =H65/H66 -> 0.66666667 | I67: =I65/I66 -> 0.66666667 | J67: =J65/J66 -> 0.66666667 | ... AH67: =AH65/AH66 -> 0.66923077
B69: PROGRAMA 6 | C69: Brincar Social | D69: Brincar Social | E69: Brincar Social | F69: Brincar Social | G69: Brincar Social | H69: Brincar Social | AH69: % TOTAL ACERTOS
B70: Sd | C70: Bola | D70: Bola | E70: Bola | F70: Bola | G70: Bola | H70: Bola
C71: "(nome) joga para mim" | D71: "(nome) joga para mim" | E71: "(nome) joga para mim" | F71: "(nome) joga para mim" | G71: "(nome) joga para mim" | H71: "(nome) joga para mim"
B73: AJUDA | C73: Gestual | D73: Gestual | E73: Gestual | F73: Gestual | G73: Gestual | H73: Gestual | I73: Visual | J73: Gestual | K73: Gestual | L73: Gestual | M73: Gestual | N73: Gestual | O73: Gestual | P73: Física Total | Q73: Visual | R73: Não Faz | S73: Gestual | T73: Gestual | U73: Gestual | V73: Gestual | W73: Gestual | X73: Gestual | Y73: Gestual | Z73: Gestual | AA73: Gestual | AB73: Gestual | AC73: Gestual | AD73: Gestual | AE73: Gestual | AF73: Gestual | AG73: Gestual
B74: ACERTOS | C74: 20 | D74: 20 | E74: 20 | F74: 20 | G74: 20 | H74: 20 | I74: 20 | J74: 20 | K74: 20 | L74: 20 | M74: 20 | N74: 20 | O74: 20 | P74: 9 | Q74: 20 | R74: 20 | S74: 20 | T74: 20 | U74: 20 | V74: 20 | W74: 20 | X74: 20 | Y74: 20 | Z74: 20 | AA74: 20 | AB74: 20 | AC74: 20 | AD74: 20 | AE74: 20 | AF74: 20 | AG74: 20 | AH74: =SUM(C74:AG74) -> 609
B75: TENTATIVAS | C75: 30 | D75: 30 | E75: 30 | F75: 30 | G75: 30 | H75: 30 | I75: 30 | J75: 30 | K75: 30 | L75: 30 | M75: 30 | N75: 30 | O75: 30 | P75: 10 | Q75: 30 | R75: 30 | S75: 30 | T75: 30 | U75: 30 | V75: 30 | W75: 30 | X75: 30 | Y75: 30 | Z75: 30 | AA75: 30 | AB75: 30 | AC75: 30 | AD75: 30 | AE75: 30 | AF75: 30 | AG75: 30 | AH75: =SUM(C75:AG75) -> 910
B76: % ACERTOS | C76: =C74/C75 -> 0.66666667 | D76: =D74/D75 -> 0.66666667 | E76: =E74/E75 -> 0.66666667 | F76: =F74/F75 -> 0.66666667 | G76: =G74/G75 -> 0.66666667 | H76: =H74/H75 -> 0.66666667 | I76: =I74/I75 -> 0.66666667 | J76: =J74/J75 -> 0.66666667 | ... AH76: =AH74/AH75 -> 0.66923077
B78: PROGRAMA 7 | C78: Brincar Social | D78: Brincar Social | E78: Brincar Social | F78: Brincar Social | G78: Brincar Social | H78: Brincar Social | AH78: % TOTAL ACERTOS
B79: Sd | C79: Bola | D79: Bola | E79: Bola | F79: Bola | G79: Bola | H79: Bola
C80: "(nome) joga para mim" | D80: "(nome) joga para mim" | E80: "(nome) joga para mim" | F80: "(nome) joga para mim" | G80: "(nome) joga para mim" | H80: "(nome) joga para mim"
B82: AJUDA | C82: Gestual | D82: Gestual | E82: Gestual | F82: Gestual | G82: Gestual | H82: Gestual | I82: Visual | J82: Gestual | K82: Gestual | L82: Gestual | M82: Gestual | N82: Gestual | O82: Gestual | P82: Física Total | Q82: Visual | R82: Não Faz | S82: Gestual | T82: Gestual | U82: Gestual | V82: Gestual | W82: Gestual | X82: Gestual | Y82: Gestual | Z82: Gestual | AA82: Gestual | AB82: Gestual | AC82: Gestual | AD82: Gestual | AE82: Gestual | AF82: Gestual | AG82: Gestual
B83: ACERTOS | C83: 20 | D83: 20 | E83: 20 | F83: 20 | G83: 20 | H83: 20 | I83: 20 | J83: 20 | K83: 20 | L83: 20 | M83: 20 | N83: 20 | O83: 20 | P83: 9 | Q83: 20 | R83: 20 | S83: 20 | T83: 20 | U83: 20 | V83: 20 | W83: 20 | X83: 20 | Y83: 20 | Z83: 20 | AA83: 20 | AB83: 20 | AC83: 20 | AD83: 20 | AE83: 20 | AF83: 20 | AG83: 20 | AH83: =SUM(C83:AG83) -> 609
B84: TENTATIVAS | C84: 30 | D84: 30 | E84: 30 | F84: 30 | G84: 30 | H84: 30 | I84: 30 | J84: 30 | K84: 30 | L84: 30 | M84: 30 | N84: 30 | O84: 30 | P84: 10 | Q84: 30 | R84: 30 | S84: 30 | T84: 30 | U84: 30 | V84: 30 | W84: 30 | X84: 30 | Y84: 30 | Z84: 30 | AA84: 30 | AB84: 30 | AC84: 30 | AD84: 30 | AE84: 30 | AF84: 30 | AG84: 30 | AH84: =SUM(C84:AG84) -> 910
B85: % ACERTOS | C85: =C83/C84 -> 0.66666667 | D85: =D83/D84 -> 0.66666667 | E85: =E83/E84 -> 0.66666667 | F85: =F83/F84 -> 0.66666667 | G85: =G83/G84 -> 0.66666667 | H85: =H83/H84 -> 0.66666667 | I85: =I83/I84 -> 0.66666667 | J85: =J83/J84 -> 0.66666667 | ... AH85: =AH83/AH84 -> 0.66923077
B87: PROGRAMA 8 | C87: Brincar Social | D87: Brincar Social | E87: Brincar Social | F87: Brincar Social | G87: Brincar Social | H87: Brincar Social | AH87: % TOTAL ACERTOS
B88: Sd | C88: Bola | D88: Bola | E88: Bola | F88: Bola | G88: Bola | H88: Bola
C89: "(nome) joga para mim" | D89: "(nome) joga para mim" | E89: "(nome) joga para mim" | F89: "(nome) joga para mim" | G89: "(nome) joga para mim" | H89: "(nome) joga para mim"
B91: AJUDA | C91: Gestual | D91: Gestual | E91: Gestual | F91: Gestual | G91: Gestual | H91: Gestual | I91: Visual | J91: Gestual | K91: Gestual | L91: Gestual | M91: Gestual | N91: Gestual | O91: Gestual | P91: Física Total | Q91: Visual | R91: Não Faz | S91: Gestual | T91: Gestual | U91: Gestual | V91: Gestual | W91: Gestual | X91: Gestual | Y91: Gestual | Z91: Gestual | AA91: Gestual | AB91: Gestual | AC91: Gestual | AD91: Gestual | AE91: Gestual | AF91: Gestual | AG91: Gestual
B92: ACERTOS | C92: 20 | D92: 20 | E92: 20 | F92: 20 | G92: 20 | H92: 20 | I92: 20 | J92: 20 | K92: 20 | L92: 20 | M92: 20 | N92: 20 | O92: 20 | P92: 9 | Q92: 20 | R92: 20 | S92: 20 | T92: 20 | U92: 20 | V92: 20 | W92: 20 | X92: 20 | Y92: 20 | Z92: 20 | AA92: 20 | AB92: 20 | AC92: 20 | AD92: 20 | AE92: 20 | AF92: 20 | AG92: 20 | AH92: =SUM(C92:AG92) -> 609
B93: TENTATIVAS | C93: 30 | D93: 30 | E93: 30 | F93: 30 | G93: 30 | H93: 30 | I93: 30 | J93: 30 | K93: 30 | L93: 30 | M93: 30 | N93: 30 | O93: 30 | P93: 10 | Q93: 30 | R93: 30 | S93: 30 | T93: 30 | U93: 30 | V93: 30 | W93: 30 | X93: 30 | Y93: 30 | Z93: 30 | AA93: 30 | AB93: 30 | AC93: 30 | AD93: 30 | AE93: 30 | AF93: 30 | AG93: 30 | AH93: =SUM(C93:AG93) -> 910
B94: % ACERTOS | C94: =C92/C93 -> 0.66666667 | D94: =D92/D93 -> 0.66666667 | E94: =E92/E93 -> 0.66666667 | F94: =F92/F93 -> 0.66666667 | G94: =G92/G93 -> 0.66666667 | H94: =H92/H93 -> 0.66666667 | I94: =I92/I93 -> 0.66666667 | J94: =J92/J93 -> 0.66666667 | ... AH94: =AH92/AH93 -> 0.66923077
B96: PROGRAMA 9 | C96: Brincar Social | D96: Brincar Social | E96: Brincar Social | F96: Brincar Social | G96: Brincar Social | H96: Brincar Social | AH96: % TOTAL ACERTOS
B97: Sd | C97: Bola | D97: Bola | E97: Bola | F97: Bola | G97: Bola | H97: Bola
C98: "(nome) joga para mim" | D98: "(nome) joga para mim" | E98: "(nome) joga para mim" | F98: "(nome) joga para mim" | G98: "(nome) joga para mim" | H98: "(nome) joga para mim"
B100: AJUDA | C100: Gestual | D100: Gestual | E100: Gestual | F100: Gestual | G100: Gestual | H100: Gestual | I100: Visual | J100: Gestual | K100: Gestual | L100: Gestual | M100: Gestual | N100: Gestual | O100: Gestual | P100: Física Total | Q100: Visual | R100: Não Faz | S100: Gestual | T100: Gestual | U100: Gestual | V100: Gestual | W100: Gestual | X100: Gestual | Y100: Gestual | Z100: Gestual | AA100: Gestual | AB100: Gestual | AC100: Gestual | AD100: Gestual | AE100: Gestual | AF100: Gestual | AG100: Gestual
B101: ACERTOS | C101: 20 | D101: 20 | E101: 20 | F101: 20 | G101: 20 | H101: 20 | I101: 20 | J101: 20 | K101: 20 | L101: 20 | M101: 20 | N101: 20 | O101: 20 | P101: 9 | Q101: 20 | R101: 20 | S101: 20 | T101: 20 | U101: 20 | V101: 20 | W101: 20 | X101: 20 | Y101: 20 | Z101: 20 | AA101: 20 | AB101: 20 | AC101: 20 | AD101: 20 | AE101: 20 | AF101: 20 | AG101: 20 | AH101: =SUM(C101:AG101) -> 609
B102: TENTATIVAS | C102: 30 | D102: 30 | E102: 30 | F102: 30 | G102: 30 | H102: 30 | I102: 30 | J102: 30 | K102: 30 | L102: 30 | M102: 30 | N102: 30 | O102: 30 | P102: 10 | Q102: 30 | R102: 30 | S102: 30 | T102: 30 | U102: 30 | V102: 30 | W102: 30 | X102: 30 | Y102: 30 | Z102: 30 | AA102: 30 | AB102: 30 | AC102: 30 | AD102: 30 | AE102: 30 | AF102: 30 | AG102: 30 | AH102: =SUM(C102:AG102) -> 910
B103: % ACERTOS | C103: =C101/C102 -> 0.66666667 | D103: =D101/D102 -> 0.66666667 | E103: =E101/E102 -> 0.66666667 | F103: =F101/F102 -> 0.66666667 | G103: =G101/G102 -> 0.66666667 | H103: =H101/H102 -> 0.66666667 | I103: =I101/I102 -> 0.66666667 | J103: =J101/J102 -> 0.66666667 | ... AH103: =AH101/AH102 -> 0.66923077
B105: PROGRAMA 10 | C105: Brincar Social | D105: Brincar Social | E105: Brincar Social | F105: Brincar Social | G105: Brincar Social | H105: Brincar Social | AH105: % TOTAL ACERTOS
B106: Sd | C106: Bola | D106: Bola | E106: Bola | F106: Bola | G106: Bola | H106: Bola
C107: "(nome) joga para mim" | D107: "(nome) joga para mim" | E107: "(nome) joga para mim" | F107: "(nome) joga para mim" | G107: "(nome) joga para mim" | H107: "(nome) joga para mim"
B109: AJUDA | C109: Gestual | D109: Gestual | E109: Gestual | F109: Gestual | G109: Gestual | H109: Gestual | I109: Visual | J109: Gestual | K109: Gestual | L109: Gestual | M109: Gestual | N109: Gestual | O109: Gestual | P109: Física Total | Q109: Visual | R109: Não Faz | S109: Gestual | T109: Gestual | U109: Gestual | V109: Gestual | W109: Gestual | X109: Gestual | Y109: Gestual | Z109: Gestual | AA109: Gestual | AB109: Gestual | AC109: Gestual | AD109: Gestual | AE109: Gestual | AF109: Gestual | AG109: Gestual
B110: ACERTOS | C110: 20 | D110: 20 | E110: 20 | F110: 20 | G110: 20 | H110: 20 | I110: 20 | J110: 20 | K110: 20 | L110: 20 | M110: 20 | N110: 20 | O110: 20 | P110: 9 | Q110: 20 | R110: 20 | S110: 20 | T110: 20 | U110: 20 | V110: 20 | W110: 20 | X110: 20 | Y110: 20 | Z110: 20 | AA110: 20 | AB110: 20 | AC110: 20 | AD110: 20 | AE110: 20 | AF110: 20 | AG110: 20 | AH110: =SUM(C110:AG110) -> 609
B111: TENTATIVAS | C111: 30 | D111: 30 | E111: 30 | F111: 30 | G111: 30 | H111: 30 | I111: 30 | J111: 30 | K111: 30 | L111: 30 | M111: 30 | N111: 30 | O111: 30 | P111: 10 | Q111: 30 | R111: 30 | S111: 30 | T111: 30 | U111: 30 | V111: 30 | W111: 30 | X111: 30 | Y111: 30 | Z111: 30 | AA111: 30 | AB111: 30 | AC111: 30 | AD111: 30 | AE111: 30 | AF111: 30 | AG111: 30 | AH111: =SUM(C111:AG111) -> 910
B112: % ACERTOS | C112: =C110/C111 -> 0.66666667 | D112: =D110/D111 -> 0.66666667 | E112: =E110/E111 -> 0.66666667 | F112: =F110/F111 -> 0.66666667 | G112: =G110/G111 -> 0.66666667 | H112: =H110/H111 -> 0.66666667 | I112: =I110/I111 -> 0.66666667 | J112: =J110/J111 -> 0.66666667 | ... AH112: =AH110/AH111 -> 0.66923077

Sheet mês 4
B1: TODOS OS DIREITOS RESERVADOS À PLANILHA E CIA - Nº DE SÉRIE DO USUÁRIO: 0024001813| PROIBIDO O RATEIO, A COMERCIALIZAÇÃO E A REPRODUÇÃO DESSE MATERIAL PROIBIDO O USO DESSE MATERIAL POR MAIS DE UM USUÁRIO, SALVO SE A COMPRA TIVER OCORRIDO ATRAVÉS DO CNPJ DA CLÍNICA. MULTIPROFISSIONAL.
B3: REGISTRO DE PROGRAMAS - 2025
B5: Criança: | C5: PROGRAMA 1 | D5: Imitação | F5: PROGRAMA 2 | G5: Brincar Social | I5: PROGRAMA 3 | L5: PROGRAMA 4 | O5: PROGRAMA 5 | R5: PROGRAMA 6 | U5: PROGRAMA 7 | X5: PROGRAMA 8 | AA5: PROGRAMA 9 | AD5: PROGRAMA 10
B6: Lucas ABC
B7: Aplicador:
B8: Natasha XYZ
B22: * Preencha na tabela todos os dados coletados nos treinos com a criança. Não preencha a linha em roxo de %acertos, que possui fórmula.
B23: Data | C23: 45778 | D23: 45779 | E23: 45780 | F23: 45781 | G23: 45782 | H23: 45783 | I23: 45784 | J23: 45785 | K23: 45786 | L23: 45787 | M23: 45788 | N23: 45789 | O23: 45790 | P23: 45791 | Q23: 45792 | R23: 45793 | S23: 45794 | T23: 45795 | U23: 45796 | V23: 45797 | W23: 45798 | X23: 45799 | Y23: 45800 | Z23: 45801 | AA23: 45802 | AB23: 45803 | AC23: 45804 | AD23: 45805 | AE23: 45806 | AF23: 45807 | AG23: 45808 | AH23: % TOTAL ACERTOS
B24: PROGRAMA 1 | C24: Imitação | D24: Imitação
B25: Sd | C25: Carro | D25: Bola
C26: "(nome) faz igual" | D26: "(nome) faz igual"
B28: AJUDA | C28: Gestual | D28: Gestual | E28: Visual | F28: Física Parcial | G28: Faz Independente | H28: Gestual | I28: Gestual | J28: Gestual | K28: Gestual | L28: Gestual | M28: Gestual | N28: Gestual | O28: Gestual | P28: Gestual | Q28: Gestual | R28: Gestual | S28: Gestual | T28: Gestual | U28: Gestual | V28: Gestual | W28: Gestual | X28: Gestual | Y28: Gestual | Z28: Gestual | AA28: Gestual | AB28: Gestual | AC28: Gestual | AD28: Gestual | AE28: Gestual | AF28: Gestual | AG28: Gestual
B29: ACERTOS | C29: 10 | D29: 10 | E29: 10 | F29: 10 | G29: 10 | H29: 10 | I29: 10 | J29: 10 | K29: 10 | L29: 10 | M29: 10 | N29: 10 | O29: 10 | P29: 10 | Q29: 10 | R29: 10 | S29: 10 | T29: 10 | U29: 10 | V29: 10 | W29: 10 | X29: 10 | Y29: 10 | Z29: 10 | AA29: 10 | AB29: 10 | AC29: 10 | AD29: 10 | AE29: 10 | AF29: 10 | AG29: 10 | AH29: =SUM(C29:AG29) -> 310
B30: TENTATIVAS | C30: 30 | D30: 30 | E30: 30 | F30: 30 | G30: 30 | H30: 30 | I30: 30 | J30: 30 | K30: 30 | L30: 30 | M30: 30 | N30: 30 | O30: 30 | P30: 30 | Q30: 30 | R30: 30 | S30: 30 | T30: 30 | U30: 30 | V30: 30 | W30: 30 | X30: 30 | Y30: 30 | Z30: 30 | AA30: 30 | AB30: 30 | AC30: 30 | AD30: 30 | AE30: 30 | AF30: 30 | AG30: 30 | AH30: =SUM(C30:AG30) -> 930
B31: % ACERTOS | C31: =C29/C30 -> 0.33333333 | D31: =D29/D30 -> 0.33333333 | E31: =E29/E30 -> 0.33333333 | F31: =F29/F30 -> 0.33333333 | G31: =G29/G30 -> 0.33333333 | H31: =H29/H30 -> 0.33333333 | I31: =I29/I30 -> 0.33333333 | J31: =J29/J30 -> 0.33333333 | ... AH31: =AH29/AH30 -> 0.33333333
B33: PROGRAMA 2 | C33: Brincar Social | D33: Brincar Social | E33: Brincar Social | F33: Brincar Social | G33: Brincar Social | H33: Brincar Social | AH33: % TOTAL ACERTOS
B34: Sd
B37: AJUDA | K37: Gestual | L37: Gestual | M37: Gestual | N37: Gestual | O37: Gestual | P37: Física Total | Q37: Visual | R37: Não Faz | S37: Gestual | T37: Gestual | U37: Gestual | V37: Gestual | W37: Gestual | X37: Gestual | Y37: Gestual | Z37: Gestual | AA37: Gestual | AB37: Gestual | AC37: Gestual | AD37: Gestual | AE37: Gestual | AF37: Gestual | AG37: Gestual
B38: ACERTOS | C38: 10 | D38: 10 | E38: 10 | F38: 10 | G38: 10 | H38: 10 | I38: 10 | J38: 10 | K38: 10 | L38: 10 | M38: 10 | N38: 10 | O38: 10 | P38: 10 | Q38: 10 | R38: 10 | S38: 10 | T38: 10 | U38: 10 | V38: 10 | W38: 10 | X38: 10 | Y38: 10 | Z38: 10 | AA38: 10 | AB38: 10 | AC38: 10 | AD38: 10 | AE38: 10 | AF38: 10 | AG38: 10 | AH38: =SUM(C38:AG38) -> 310
B39: TENTATIVAS | C39: 30 | D39: 30 | E39: 30 | F39: 30 | G39: 30 | H39: 30 | I39: 30 | J39: 30 | K39: 30 | L39: 30 | M39: 30 | N39: 30 | O39: 30 | P39: 30 | Q39: 30 | R39: 30 | S39: 30 | T39: 30 | U39: 30 | V39: 30 | W39: 30 | X39: 30 | Y39: 30 | Z39: 30 | AA39: 30 | AB39: 30 | AC39: 30 | AD39: 30 | AE39: 30 | AF39: 30 | AG39: 30 | AH39: =SUM(C39:AG39) -> 930
B40: % ACERTOS | C40: =C38/C39 -> 0.33333333 | D40: =D38/D39 -> 0.33333333 | E40: =E38/E39 -> 0.33333333 | F40: =F38/F39 -> 0.33333333 | G40: =G38/G39 -> 0.33333333 | H40: =H38/H39 -> 0.33333333 | I40: =I38/I39 -> 0.33333333 | J40: =J38/J39 -> 0.33333333 | ... AH40: =AH38/AH39 -> 0.33333333
B42: PROGRAMA 3 | C42: Brincar Social | D42: Brincar Social | E42: Brincar Social | F42: Brincar Social | G42: Brincar Social | H42: Brincar Social | AH42: % TOTAL ACERTOS
B43: Sd | C43: Bola | D43: Bola | E43: Bola | F43: Bola | G43: Bola | H43: Bola
C44: "(nome) joga para mim" | D44: "(nome) joga para mim" | E44: "(nome) joga para mim" | F44: "(nome) joga para mim" | G44: "(nome) joga para mim" | H44: "(nome) joga para mim"
B46: AJUDA | C46: Gestual | D46: Gestual | E46: Gestual | F46: Gestual | G46: Gestual | H46: Gestual | I46: Visual | J46: Gestual | K46: Gestual | L46: Gestual | M46: Gestual | N46: Gestual | O46: Gestual | P46: Física Total | Q46: Visual | R46: Não Faz | S46: Gestual | T46: Gestual | U46: Gestual | V46: Gestual | W46: Gestual | X46: Gestual | Y46: Gestual | Z46: Gestual | AA46: Gestual | AB46: Gestual | AC46: Gestual | AD46: Gestual | AE46: Gestual | AF46: Gestual | AG46: Gestual
B47: ACERTOS | C47: 10 | D47: 10 | E47: 10 | F47: 10 | G47: 10 | H47: 10 | I47: 10 | J47: 10 | K47: 10 | L47: 10 | M47: 10 | N47: 10 | O47: 10 | P47: 10 | Q47: 10 | R47: 10 | S47: 10 | T47: 10 | U47: 10 | V47: 10 | W47: 10 | X47: 10 | Y47: 10 | Z47: 10 | AA47: 10 | AB47: 10 | AC47: 10 | AD47: 10 | AE47: 10 | AF47: 10 | AG47: 10 | AH47: =SUM(C47:AG47) -> 310
B48: TENTATIVAS | C48: 30 | D48: 30 | E48: 30 | F48: 30 | G48: 30 | H48: 30 | I48: 30 | J48: 30 | K48: 30 | L48: 30 | M48: 30 | N48: 30 | O48: 30 | P48: 30 | Q48: 30 | R48: 30 | S48: 30 | T48: 30 | U48: 30 | V48: 30 | W48: 30 | X48: 30 | Y48: 30 | Z48: 30 | AA48: 30 | AB48: 30 | AC48: 30 | AD48: 30 | AE48: 30 | AF48: 30 | AG48: 30 | AH48: =SUM(C48:AG48) -> 930
B49: % ACERTOS | C49: =C47/C48 -> 0.33333333 | D49: =D47/D48 -> 0.33333333 | E49: =E47/E48 -> 0.33333333 | F49: =F47/F48 -> 0.33333333 | G49: =G47/G48 -> 0.33333333 | H49: =H47/H48 -> 0.33333333 | I49: =I47/I48 -> 0.33333333 | J49: =J47/J48 -> 0.33333333 | ... AH49: =AH47/AH48 -> 0.33333333
B51: PROGRAMA 4 | C51: Brincar Social | D51: Brincar Social | E51: Brincar Social | F51: Brincar Social | G51: Brincar Social | H51: Brincar Social | AH51: % TOTAL ACERTOS
B52: Sd | C52: Bola | D52: Bola | E52: Bola | F52: Bola | G52: Bola | H52: Bola
C53: "(nome) joga para mim" | D53: "(nome) joga para mim" | E53: "(nome) joga para mim" | F53: "(nome) joga para mim" | G53: "(nome) joga para mim" | H53: "(nome) joga para mim"
B55: AJUDA | C55: Gestual | D55: Gestual | E55: Gestual | F55: Gestual | G55: Gestual | H55: Gestual | I55: Visual | J55: Gestual | K55: Gestual | L55: Gestual | M55: Gestual | N55: Gestual | O55: Gestual | P55: Física Total | Q55: Visual | R55: Não Faz | S55: Gestual | T55: Gestual | U55: Gestual | V55: Gestual | W55: Gestual | X55: Gestual | Y55: Gestual | Z55: Gestual | AA55: Gestual | AB55: Gestual | AC55: Gestual | AD55: Gestual | AE55: Gestual | AF55: Gestual | AG55: Gestual
B56: ACERTOS | C56: 10 | D56: 10 | E56: 10 | F56: 10 | G56: 10 | H56: 10 | I56: 10 | J56: 10 | K56: 10 | L56: 10 | M56: 10 | N56: 10 | O56: 10 | P56: 10 | Q56: 10 | R56: 10 | S56: 10 | T56: 10 | U56: 10 | V56: 10 | W56: 10 | X56: 10 | Y56: 10 | Z56: 10 | AA56: 10 | AB56: 10 | AC56: 10 | AD56: 10 | AE56: 10 | AF56: 10 | AG56: 10 | AH56: =SUM(C56:AG56) -> 310
B57: TENTATIVAS | C57: 30 | D57: 30 | E57: 30 | F57: 30 | G57: 30 | H57: 30 | I57: 30 | J57: 30 | K57: 30 | L57: 30 | M57: 30 | N57: 30 | O57: 30 | P57: 30 | Q57: 30 | R57: 30 | S57: 30 | T57: 30 | U57: 30 | V57: 30 | W57: 30 | X57: 30 | Y57: 30 | Z57: 30 | AA57: 30 | AB57: 30 | AC57: 30 | AD57: 30 | AE57: 30 | AF57: 30 | AG57: 30 | AH57: =SUM(C57:AG57) -> 930
B58: % ACERTOS | C58: =C56/C57 -> 0.33333333 | D58: =D56/D57 -> 0.33333333 | E58: =E56/E57 -> 0.33333333 | F58: =F56/F57 -> 0.33333333 | G58: =G56/G57 -> 0.33333333 | H58: =H56/H57 -> 0.33333333 | I58: =I56/I57 -> 0.33333333 | J58: =J56/J57 -> 0.33333333 | ... AH58: =AH56/AH57 -> 0.33333333
B60: PROGRAMA 5 | C60: Brincar Social | D60: Brincar Social | E60: Brincar Social | F60: Brincar Social | G60: Brincar Social | H60: Brincar Social | AH60: % TOTAL ACERTOS
B61: Sd | C61: Bola | D61: Bola | E61: Bola | F61: Bola | G61: Bola | H61: Bola
C62: "(nome) joga para mim" | D62: "(nome) joga para mim" | E62: "(nome) joga para mim" | F62: "(nome) joga para mim" | G62: "(nome) joga para mim" | H62: "(nome) joga para mim"
B64: AJUDA | C64: Gestual | D64: Gestual | E64: Gestual | F64: Gestual | G64: Gestual | H64: Gestual | I64: Visual | J64: Gestual | K64: Gestual | L64: Gestual | M64: Gestual | N64: Gestual | O64: Gestual | P64: Física Total | Q64: Visual | R64: Não Faz | S64: Gestual | T64: Gestual | U64: Gestual | V64: Gestual | W64: Gestual | X64: Gestual | Y64: Gestual | Z64: Gestual | AA64: Gestual | AB64: Gestual | AC64: Gestual | AD64: Gestual | AE64: Gestual | AF64: Gestual | AG64: Gestual
B65: ACERTOS | C65: 10 | D65: 10 | E65: 10 | F65: 10 | G65: 10 | H65: 10 | I65: 10 | J65: 10 | K65: 10 | L65: 10 | M65: 10 | N65: 10 | O65: 10 | P65: 10 | Q65: 10 | R65: 10 | S65: 10 | T65: 10 | U65: 10 | V65: 10 | W65: 10 | X65: 10 | Y65: 10 | Z65: 10 | AA65: 10 | AB65: 10 | AC65: 10 | AD65: 10 | AE65: 10 | AF65: 10 | AG65: 10 | AH65: =SUM(C65:AG65) -> 310
B66: TENTATIVAS | C66: 30 | D66: 30 | E66: 30 | F66: 30 | G66: 30 | H66: 30 | I66: 30 | J66: 30 | K66: 30 | L66: 30 | M66: 30 | N66: 30 | O66: 30 | P66: 30 | Q66: 30 | R66: 30 | S66: 30 | T66: 30 | U66: 30 | V66: 30 | W66: 30 | X66: 30 | Y66: 30 | Z66: 30 | AA66: 30 | AB66: 30 | AC66: 30 | AD66: 30 | AE66: 30 | AF66: 30 | AG66: 30 | AH66: =SUM(C66:AG66) -> 930
B67: % ACERTOS | C67: =C65/C66 -> 0.33333333 | D67: =D65/D66 -> 0.33333333 | E67: =E65/E66 -> 0.33333333 | F67: =F65/F66 -> 0.33333333 | G67: =G65/G66 -> 0.33333333 | H67: =H65/H66 -> 0.33333333 | I67: =I65/I66 -> 0.33333333 | J67: =J65/J66 -> 0.33333333 | ... AH67: =AH65/AH66 -> 0.33333333
B69: PROGRAMA 6 | C69: Brincar Social | D69: Brincar Social | E69: Brincar Social | F69: Brincar Social | G69: Brincar Social | H69: Brincar Social | AH69: % TOTAL ACERTOS
B70: Sd | C70: Bola | D70: Bola | E70: Bola | F70: Bola | G70: Bola | H70: Bola
C71: "(nome) joga para mim" | D71: "(nome) joga para mim" | E71: "(nome) joga para mim" | F71: "(nome) joga para mim" | G71: "(nome) joga para mim" | H71: "(nome) joga para mim"
B73: AJUDA | C73: Gestual | D73: Gestual | E73: Gestual | F73: Gestual | G73: Gestual | H73: Gestual | I73: Visual | J73: Gestual | K73: Gestual | L73: Gestual | M73: Gestual | N73: Gestual | O73: Gestual | P73: Física Total | Q73: Visual | R73: Não Faz | S73: Gestual | T73: Gestual | U73: Gestual | V73: Gestual | W73: Gestual | X73: Gestual | Y73: Gestual | Z73: Gestual | AA73: Gestual | AB73: Gestual | AC73: Gestual | AD73: Gestual | AE73: Gestual | AF73: Gestual | AG73: Gestual
B74: ACERTOS | C74: 10 | D74: 10 | E74: 10 | F74: 10 | G74: 10 | H74: 10 | I74: 10 | J74: 10 | K74: 10 | L74: 10 | M74: 10 | N74: 10 | O74: 10 | P74: 10 | Q74: 10 | R74: 10 | S74: 10 | T74: 10 | U74: 10 | V74: 10 | W74: 10 | X74: 10 | Y74: 10 | Z74: 10 | AA74: 10 | AB74: 10 | AC74: 10 | AD74: 10 | AE74: 10 | AF74: 10 | AG74: 10 | AH74: =SUM(C74:AG74) -> 310
B75: TENTATIVAS | C75: 30 | D75: 30 | E75: 30 | F75: 30 | G75: 30 | H75: 30 | I75: 30 | J75: 30 | K75: 30 | L75: 30 | M75: 30 | N75: 30 | O75: 30 | P75: 30 | Q75: 30 | R75: 30 | S75: 30 | T75: 30 | U75: 30 | V75: 30 | W75: 30 | X75: 30 | Y75: 30 | Z75: 30 | AA75: 30 | AB75: 30 | AC75: 30 | AD75: 30 | AE75: 30 | AF75: 30 | AG75: 30 | AH75: =SUM(C75:AG75) -> 930
B76: % ACERTOS | C76: =C74/C75 -> 0.33333333 | D76: =D74/D75 -> 0.33333333 | E76: =E74/E75 -> 0.33333333 | F76: =F74/F75 -> 0.33333333 | G76: =G74/G75 -> 0.33333333 | H76: =H74/H75 -> 0.33333333 | I76: =I74/I75 -> 0.33333333 | J76: =J74/J75 -> 0.33333333 | ... AH76: =AH74/AH75 -> 0.33333333
B78: PROGRAMA 7 | C78: Brincar Social | D78: Brincar Social | E78: Brincar Social | F78: Brincar Social | G78: Brincar Social | H78: Brincar Social | AH78: % TOTAL ACERTOS
B79: Sd | C79: Bola | D79: Bola | E79: Bola | F79: Bola | G79: Bola | H79: Bola
C80: "(nome) joga para mim" | D80: "(nome) joga para mim" | E80: "(nome) joga para mim" | F80: "(nome) joga para mim" | G80: "(nome) joga para mim" | H80: "(nome) joga para mim"
B82: AJUDA | C82: Gestual | D82: Gestual | E82: Gestual | F82: Gestual | G82: Gestual | H82: Gestual | I82: Visual | J82: Gestual | K82: Gestual | L82: Gestual | M82: Gestual | N82: Gestual | O82: Gestual | P82: Física Total | Q82: Visual | R82: Não Faz | S82: Gestual | T82: Gestual | U82: Gestual | V82: Gestual | W82: Gestual | X82: Gestual | Y82: Gestual | Z82: Gestual | AA82: Gestual | AB82: Gestual | AC82: Gestual | AD82: Gestual | AE82: Gestual | AF82: Gestual | AG82: Gestual
B83: ACERTOS | C83: 10 | D83: 10 | E83: 10 | F83: 10 | G83: 10 | H83: 10 | I83: 10 | J83: 10 | K83: 10 | L83: 10 | M83: 10 | N83: 10 | O83: 10 | P83: 10 | Q83: 10 | R83: 10 | S83: 10 | T83: 10 | U83: 10 | V83: 10 | W83: 10 | X83: 10 | Y83: 10 | Z83: 10 | AA83: 10 | AB83: 10 | AC83: 10 | AD83: 10 | AE83: 10 | AF83: 10 | AG83: 10 | AH83: =SUM(C83:AG83) -> 310
B84: TENTATIVAS | C84: 30 | D84: 30 | E84: 30 | F84: 30 | G84: 30 | H84: 30 | I84: 30 | J84: 30 | K84: 30 | L84: 30 | M84: 30 | N84: 30 | O84: 30 | P84: 30 | Q84: 30 | R84: 30 | S84: 30 | T84: 30 | U84: 30 | V84: 30 | W84: 30 | X84: 30 | Y84: 30 | Z84: 30 | AA84: 30 | AB84: 30 | AC84: 30 | AD84: 30 | AE84: 30 | AF84: 30 | AG84: 30 | AH84: =SUM(C84:AG84) -> 930
B85: % ACERTOS | C85: =C83/C84 -> 0.33333333 | D85: =D83/D84 -> 0.33333333 | E85: =E83/E84 -> 0.33333333 | F85: =F83/F84 -> 0.33333333 | G85: =G83/G84 -> 0.33333333 | H85: =H83/H84 -> 0.33333333 | I85: =I83/I84 -> 0.33333333 | J85: =J83/J84 -> 0.33333333 | ... AH85: =AH83/AH84 -> 0.33333333
B87: PROGRAMA 8 | C87: Brincar Social | D87: Brincar Social | E87: Brincar Social | F87: Brincar Social | G87: Brincar Social | H87: Brincar Social | AH87: % TOTAL ACERTOS
B88: Sd | C88: Bola | D88: Bola | E88: Bola | F88: Bola | G88: Bola | H88: Bola
C89: "(nome) joga para mim" | D89: "(nome) joga para mim" | E89: "(nome) joga para mim" | F89: "(nome) joga para mim" | G89: "(nome) joga para mim" | H89: "(nome) joga para mim"
B91: AJUDA | C91: Gestual | D91: Gestual | E91: Gestual | F91: Gestual | G91: Gestual | H91: Gestual | I91: Visual | J91: Gestual | K91: Gestual | L91: Gestual | M91: Gestual | N91: Gestual | O91: Gestual | P91: Física Total | Q91: Visual | R91: Não Faz | S91: Gestual | T91: Gestual | U91: Gestual | V91: Gestual | W91: Gestual | X91: Gestual | Y91: Gestual | Z91: Gestual | AA91: Gestual | AB91: Gestual | AC91: Gestual | AD91: Gestual | AE91: Gestual | AF91: Gestual | AG91: Gestual
B92: ACERTOS | C92: 10 | D92: 10 | E92: 10 | F92: 10 | G92: 10 | H92: 10 | I92: 10 | J92: 10 | K92: 10 | L92: 10 | M92: 10 | N92: 10 | O92: 10 | P92: 10 | Q92: 10 | R92: 10 | S92: 10 | T92: 10 | U92: 10 | V92: 10 | W92: 10 | X92: 10 | Y92: 10 | Z92: 10 | AA92: 10 | AB92: 10 | AC92: 10 | AD92: 10 | AE92: 10 | AF92: 10 | AG92: 10 | AH92: =SUM(C92:AG92) -> 310
B93: TENTATIVAS | C93: 30 | D93: 30 | E93: 30 | F93: 30 | G93: 30 | H93: 30 | I93: 30 | J93: 30 | K93: 30 | L93: 30 | M93: 30 | N93: 30 | O93: 30 | P93: 30 | Q93: 30 | R93: 30 | S93: 30 | T93: 30 | U93: 30 | V93: 30 | W93: 30 | X93: 30 | Y93: 30 | Z93: 30 | AA93: 30 | AB93: 30 | AC93: 30 | AD93: 30 | AE93: 30 | AF93: 30 | AG93: 30 | AH93: =SUM(C93:AG93) -> 930
B94: % ACERTOS | C94: =C92/C93 -> 0.33333333 | D94: =D92/D93 -> 0.33333333 | E94: =E92/E93 -> 0.33333333 | F94: =F92/F93 -> 0.33333333 | G94: =G92/G93 -> 0.33333333 | H94: =H92/H93 -> 0.33333333 | I94: =I92/I93 -> 0.33333333 | J94: =J92/J93 -> 0.33333333 | ... AH94: =AH92/AH93 -> 0.33333333
B96: PROGRAMA 9 | C96: Brincar Social | D96: Brincar Social | E96: Brincar Social | F96: Brincar Social | G96: Brincar Social | H96: Brincar Social | AH96: % TOTAL ACERTOS
B97: Sd | C97: Bola | D97: Bola | E97: Bola | F97: Bola | G97: Bola | H97: Bola
C98: "(nome) joga para mim" | D98: "(nome) joga para mim" | E98: "(nome) joga para mim" | F98: "(nome) joga para mim" | G98: "(nome) joga para mim" | H98: "(nome) joga para mim"
B100: AJUDA | C100: Gestual | D100: Gestual | E100: Gestual | F100: Gestual | G100: Gestual | H100: Gestual | I100: Visual | J100: Gestual | K100: Gestual | L100: Gestual | M100: Gestual | N100: Gestual | O100: Gestual | P100: Física Total | Q100: Visual | R100: Não Faz | S100: Gestual | T100: Gestual | U100: Gestual | V100: Gestual | W100: Gestual | X100: Gestual | Y100: Gestual | Z100: Gestual | AA100: Gestual | AB100: Gestual | AC100: Gestual | AD100: Gestual | AE100: Gestual | AF100: Gestual | AG100: Gestual
B101: ACERTOS | C101: 10 | D101: 10 | E101: 10 | F101: 10 | G101: 10 | H101: 10 | I101: 10 | J101: 10 | K101: 10 | L101: 10 | M101: 10 | N101: 10 | O101: 10 | P101: 10 | Q101: 10 | R101: 10 | S101: 10 | T101: 10 | U101: 10 | V101: 10 | W101: 10 | X101: 10 | Y101: 10 | Z101: 10 | AA101: 10 | AB101: 10 | AC101: 10 | AD101: 10 | AE101: 10 | AF101: 10 | AG101: 10 | AH101: =SUM(C101:AG101) -> 310
B102: TENTATIVAS | C102: 30 | D102: 30 | E102: 30 | F102: 30 | G102: 30 | H102: 30 | I102: 30 | J102: 30 | K102: 30 | L102: 30 | M102: 30 | N102: 30 | O102: 30 | P102: 30 | Q102: 30 | R102: 30 | S102: 30 | T102: 30 | U102: 30 | V102: 30 | W102: 30 | X102: 30 | Y102: 30 | Z102: 30 | AA102: 30 | AB102: 30 | AC102: 30 | AD102: 30 | AE102: 30 | AF102: 30 | AG102: 30 | AH102: =SUM(C102:AG102) -> 930
B103: % ACERTOS | C103: =C101/C102 -> 0.33333333 | D103: =D101/D102 -> 0.33333333 | E103: =E101/E102 -> 0.33333333 | F103: =F101/F102 -> 0.33333333 | G103: =G101/G102 -> 0.33333333 | H103: =H101/H102 -> 0.33333333 | I103: =I101/I102 -> 0.33333333 | J103: =J101/J102 -> 0.33333333 | ... AH103: =AH101/AH102 -> 0.33333333
B105: PROGRAMA 10 | C105: Brincar Social | D105: Brincar Social | E105: Brincar Social | F105: Brincar Social | G105: Brincar Social | H105: Brincar Social | AH105: % TOTAL ACERTOS
B106: Sd | C106: Bola | D106: Bola | E106: Bola | F106: Bola | G106: Bola | H106: Bola
C107: "(nome) joga para mim" | D107: "(nome) joga para mim" | E107: "(nome) joga para mim" | F107: "(nome) joga para mim" | G107: "(nome) joga para mim" | H107: "(nome) joga para mim"
B109: AJUDA | C109: Gestual | D109: Gestual | E109: Gestual | F109: Gestual | G109: Gestual | H109: Gestual | I109: Visual | J109: Gestual | K109: Gestual | L109: Gestual | M109: Gestual | N109: Gestual | O109: Gestual | P109: Física Total | Q109: Visual | R109: Não Faz | S109: Gestual | T109: Gestual | U109: Gestual | V109: Gestual | W109: Gestual | X109: Gestual | Y109: Gestual | Z109: Gestual | AA109: Gestual | AB109: Gestual | AC109: Gestual | AD109: Gestual | AE109: Gestual | AF109: Gestual | AG109: Gestual
B110: ACERTOS | C110: 10 | D110: 10 | E110: 10 | F110: 10 | G110: 10 | H110: 10 | I110: 10 | J110: 10 | K110: 10 | L110: 10 | M110: 10 | N110: 10 | O110: 10 | P110: 10 | Q110: 10 | R110: 10 | S110: 10 | T110: 10 | U110: 10 | V110: 10 | W110: 10 | X110: 10 | Y110: 10 | Z110: 10 | AA110: 10 | AB110: 10 | AC110: 10 | AD110: 10 | AE110: 10 | AF110: 10 | AG110: 10 | AH110: =SUM(C110:AG110) -> 310
B111: TENTATIVAS | C111: 30 | D111: 30 | E111: 30 | F111: 30 | G111: 30 | H111: 30 | I111: 30 | J111: 30 | K111: 30 | L111: 30 | M111: 30 | N111: 30 | O111: 30 | P111: 30 | Q111: 30 | R111: 30 | S111: 30 | T111: 30 | U111: 30 | V111: 30 | W111: 30 | X111: 30 | Y111: 30 | Z111: 30 | AA111: 30 | AB111: 30 | AC111: 30 | AD111: 30 | AE111: 30 | AF111: 30 | AG111: 30 | AH111: =SUM(C111:AG111) -> 930
B112: % ACERTOS | C112: =C110/C111 -> 0.33333333 | D112: =D110/D111 -> 0.33333333 | E112: =E110/E111 -> 0.33333333 | F112: =F110/F111 -> 0.33333333 | G112: =G110/G111 -> 0.33333333 | H112: =H110/H111 -> 0.33333333 | I112: =I110/I111 -> 0.33333333 | J112: =J110/J111 -> 0.33333333 | ... AH112: =AH110/AH111 -> 0.33333333

Sheet CONSOLIDADO
B2: REGISTRO DE PROGRAMAS - 2025
B4: * Na tabela abaixo, não é necessário o preenchimento, pois os dados são automáticos, exceto o título do programa que você pode preencher se preferir.
C5: Título | D5: % Total de Acertos
B6: Programas | D6: Janeiro | E6: Fevereiro | F6: Março | G6: Abril
B7: Programa 1 | C7: Imitação | D7: ='mês 1'!AH31 -> 0.77714286 | E7: ='mês 2'!AG31 -> 0.77647059 | F7: ='mês 3'!AH31 -> 0.77714286 | G7: ='mês 4'!AH31 -> 0.33333333
B8: Programa 2 | C8: Brincar Social | D8: ='mês 1'!AH40 -> 0.66923077 | E8: ='mês 2'!AG40 -> 0.66931818 | F8: ='mês 3'!AH40 -> 0.67014925 | G8: ='mês 4'!AH40 -> 0.33333333
B9: Programa 3 | D9: ='mês 1'!AH49 -> 0.66923077 | E9: ='mês 2'!AG49 -> 0.66931818 | F9: ='mês 3'!AH49 -> 0.66923077 | G9: ='mês 4'!AH49 -> 0.33333333
B10: Programa 4 | D10: ='mês 1'!AH58 -> 0.66923077 | E10: ='mês 2'!AG58 -> 0.66931818 | F10: ='mês 3'!AH58 -> 0.66923077 | G10: ='mês 4'!AH58 -> 0.33333333
B11: Programa 5 | D11: ='mês 1'!AH67 -> 0.66923077 | E11: ='mês 2'!AG67 -> 0.66931818 | F11: ='mês 3'!AH67 -> 0.66923077 | G11: ='mês 4'!AH67 -> 0.33333333
B12: Programa 6 | D12: ='mês 1'!AH76 -> 0.66923077 | E12: ='mês 2'!AG76 -> 0.66931818 | F12: ='mês 3'!AH76 -> 0.66923077 | G12: ='mês 4'!AH76 -> 0.33333333
B13: Programa 7 | D13: ='mês 1'!AH85 -> 0.66923077 | E13: ='mês 2'!AG85 -> 0.66931818 | F13: ='mês 3'!AH85 -> 0.66923077 | G13: ='mês 4'!AH85 -> 0.33333333
B14: Programa 8 | D14: ='mês 1'!AH94 -> 0.66923077 | E14: ='mês 2'!AG94 -> 0.66931818 | F14: ='mês 3'!AH94 -> 0.66923077 | G14: ='mês 4'!AH94 -> 0.33333333
B15: Programa 9 | D15: ='mês 1'!AH103 -> 0.66923077 | E15: ='mês 2'!AG103 -> 0.66931818 | F15: ='mês 3'!AH103 -> 0.66923077 | G15: ='mês 4'!AH103 -> 0.33333333
B16: Programa 10 | D16: ='mês 1'!AH112 -> 0.67681499 | E16: ='mês 2'!AG112 -> 0.67718447 | F16: ='mês 3'!AH112 -> 0.66923077 | G16: ='mês 4'!AH112 -> 0.33333333

Sheet Modelo Relatório
C6: Fazer modelo de relatório padrão e puxar gráfico automatico
C7: ver modelo Regina Bergamme
C8: Ver modelo Henrique
C9: Ver modelo Cia do autismo
